2025-07-17 14:36:33,409 - INFO - 109944 - expiry To Trade is = 20250718
2025-07-17 14:36:33,412 - INFO - 109944 - Starting BOT
2025-07-17 14:36:33,413 - INFO - 90880 - starting handle orders queue
2025-07-17 14:36:33,427 - INFO - 109944 - TWS connected.
2025-07-17 14:36:33,429 - INFO - 90880 - get all option orders
2025-07-17 14:36:34,539 - INFO - 109944 - Market Time is = 14-36 <=1545. Keep Going Trade
2025-07-17 14:36:34,540 - INFO - 70652 - setting nextValidOrderId: 21781
2025-07-17 14:36:34,542 - INFO - 109944 - Request Open Orders
2025-07-17 14:36:34,543 - INFO - 70652 - NextValidId: 21781
2025-07-17 14:36:34,544 - INFO - 109944 - Request Positions
2025-07-17 14:36:34,545 - ERROR - 70652 - Id: -1, Code: 2104, Msg: Market data farm connection is OK:cashfarm
2025-07-17 14:36:34,548 - ERROR - 70652 - Id: -1, Code: 2104, Msg: Market data farm connection is OK:usfuture
2025-07-17 14:36:34,554 - ERROR - 70652 - Id: -1, Code: 2104, Msg: Market data farm connection is OK:usopt.nj
2025-07-17 14:36:34,558 - ERROR - 70652 - Id: -1, Code: 2104, Msg: Market data farm connection is OK:usfarm.nj
2025-07-17 14:36:34,559 - ERROR - 70652 - Id: -1, Code: 2104, Msg: Market data farm connection is OK:usopt
2025-07-17 14:36:34,561 - ERROR - 70652 - Id: -1, Code: 2104, Msg: Market data farm connection is OK:usfarm
2025-07-17 14:36:34,562 - ERROR - 70652 - Id: -1, Code: 2106, Msg: HMDS data farm connection is OK:euhmds
2025-07-17 14:36:34,565 - ERROR - 70652 - Id: -1, Code: 2106, Msg: HMDS data farm connection is OK:fundfarm
2025-07-17 14:36:34,567 - ERROR - 70652 - Id: -1, Code: 2106, Msg: HMDS data farm connection is OK:ushmds
2025-07-17 14:36:34,567 - ERROR - 70652 - Id: -1, Code: 2158, Msg: Sec-def data farm connection is OK:secdefil
2025-07-17 14:36:34,568 - INFO - 70652 - managed accounts: DU5690365
2025-07-17 14:36:34,804 - INFO - 70652 - openOrderEnd
2025-07-17 14:36:34,905 - INFO - 70652 - Position(account='DU5690365', symbol='AMD', position=0.0, strike=157.5, right='C', expiry='20250718')
2025-07-17 14:36:34,906 - INFO - 70652 - Position(account='DU5690365', symbol='AMZN', position=0.0, strike=222.5, right='P', expiry='20250718')
2025-07-17 14:36:34,908 - INFO - 70652 - Position(account='DU5690365', symbol='TSLA', position=0.0, strike=325.0, right='C', expiry='20250718')
2025-07-17 14:36:34,909 - INFO - 70652 - positionEnd
2025-07-17 14:36:42,672 - ERROR - 70652 - Id: 12, Code: 2176, Msg: Warning: Your API version does not support fractional share size rules. Please upgrade to a minimum version 163. Trimmed value 58.2 to 58
2025-07-17 14:36:42,704 - ERROR - 70652 - Id: 13, Code: 2176, Msg: Warning: Your API version does not support fractional share size rules. Please upgrade to a minimum version 163. Trimmed value 58.2 to 58
2025-07-17 14:36:42,715 - ERROR - 70652 - Id: 14, Code: 2176, Msg: Warning: Your API version does not support fractional share size rules. Please upgrade to a minimum version 163. Trimmed value 81.6 to 81
2025-07-17 14:36:42,736 - ERROR - 70652 - Id: 16, Code: 2176, Msg: Warning: Your API version does not support fractional share size rules. Please upgrade to a minimum version 163. Trimmed value 34.05 to 34
2025-07-17 14:36:42,764 - ERROR - 70652 - Id: 17, Code: 2176, Msg: Warning: Your API version does not support fractional share size rules. Please upgrade to a minimum version 163. Trimmed value 34.05 to 34
2025-07-17 14:36:42,775 - ERROR - 70652 - Id: 18, Code: 2176, Msg: Warning: Your API version does not support fractional share size rules. Please upgrade to a minimum version 163. Trimmed value 61.67 to 61
2025-07-17 14:36:42,784 - ERROR - 70652 - Id: 20, Code: 2176, Msg: Warning: Your API version does not support fractional share size rules. Please upgrade to a minimum version 163. Trimmed value 28.42 to 28
2025-07-17 14:36:42,792 - ERROR - 70652 - Id: 21, Code: 2176, Msg: Warning: Your API version does not support fractional share size rules. Please upgrade to a minimum version 163. Trimmed value 28.42 to 28
2025-07-17 14:36:42,799 - ERROR - 70652 - Id: 22, Code: 2176, Msg: Warning: Your API version does not support fractional share size rules. Please upgrade to a minimum version 163. Trimmed value 44.72 to 44
2025-07-17 14:36:42,823 - ERROR - 70652 - Id: 24, Code: 2176, Msg: Warning: Your API version does not support fractional share size rules. Please upgrade to a minimum version 163. Trimmed value 76.34 to 76
2025-07-17 14:36:42,844 - ERROR - 70652 - Id: 25, Code: 2176, Msg: Warning: Your API version does not support fractional share size rules. Please upgrade to a minimum version 163. Trimmed value 76.34 to 76
2025-07-17 14:36:42,855 - ERROR - 70652 - Id: 26, Code: 2176, Msg: Warning: Your API version does not support fractional share size rules. Please upgrade to a minimum version 163. Trimmed value 131.78 to 131
2025-07-17 14:36:42,870 - ERROR - 70652 - Id: 32, Code: 2176, Msg: Warning: Your API version does not support fractional share size rules. Please upgrade to a minimum version 163. Trimmed value 184.2 to 184
2025-07-17 14:36:42,882 - ERROR - 70652 - Id: 33, Code: 2176, Msg: Warning: Your API version does not support fractional share size rules. Please upgrade to a minimum version 163. Trimmed value 184.2 to 184
2025-07-17 14:36:42,893 - ERROR - 70652 - Id: 34, Code: 2176, Msg: Warning: Your API version does not support fractional share size rules. Please upgrade to a minimum version 163. Trimmed value 305.28 to 305
2025-07-17 14:36:42,900 - ERROR - 70652 - Id: 36, Code: 2176, Msg: Warning: Your API version does not support fractional share size rules. Please upgrade to a minimum version 163. Trimmed value 174.59 to 174
2025-07-17 14:36:42,912 - ERROR - 70652 - Id: 37, Code: 2176, Msg: Warning: Your API version does not support fractional share size rules. Please upgrade to a minimum version 163. Trimmed value 174.59 to 174
2025-07-17 14:36:42,923 - ERROR - 70652 - Id: 38, Code: 2176, Msg: Warning: Your API version does not support fractional share size rules. Please upgrade to a minimum version 163. Trimmed value 365.14 to 365
2025-07-17 14:36:42,943 - ERROR - 70652 - Id: 44, Code: 2176, Msg: Warning: Your API version does not support fractional share size rules. Please upgrade to a minimum version 163. Trimmed value 2.11 to 2
2025-07-17 14:36:42,962 - ERROR - 70652 - Id: 45, Code: 2176, Msg: Warning: Your API version does not support fractional share size rules. Please upgrade to a minimum version 163. Trimmed value 2.11 to 2
2025-07-17 14:36:42,977 - ERROR - 70652 - Id: 30, Code: 2176, Msg: Warning: Your API version does not support fractional share size rules. Please upgrade to a minimum version 163. Trimmed value 2636.39 to 2636
2025-07-17 14:36:42,994 - ERROR - 70652 - Id: 28, Code: 2176, Msg: Warning: Your API version does not support fractional share size rules. Please upgrade to a minimum version 163. Trimmed value 1346.59 to 1346
2025-07-17 14:36:43,011 - ERROR - 70652 - Id: 29, Code: 2176, Msg: Warning: Your API version does not support fractional share size rules. Please upgrade to a minimum version 163. Trimmed value 1346.59 to 1346
2025-07-17 14:36:43,024 - ERROR - 70652 - Id: 46, Code: 2176, Msg: Warning: Your API version does not support fractional share size rules. Please upgrade to a minimum version 163. Trimmed value 4.11 to 4
2025-07-17 14:36:43,034 - ERROR - 70652 - Id: 40, Code: 2176, Msg: Warning: Your API version does not support fractional share size rules. Please upgrade to a minimum version 163. Trimmed value 3.09 to 3
2025-07-17 14:36:43,047 - ERROR - 70652 - Id: 41, Code: 2176, Msg: Warning: Your API version does not support fractional share size rules. Please upgrade to a minimum version 163. Trimmed value 3.09 to 3
2025-07-17 14:36:43,054 - ERROR - 70652 - Id: 42, Code: 2176, Msg: Warning: Your API version does not support fractional share size rules. Please upgrade to a minimum version 163. Trimmed value 9.51 to 9
2025-07-17 14:36:43,086 - ERROR - 70652 - Id: 48, Code: 2176, Msg: Warning: Your API version does not support fractional share size rules. Please upgrade to a minimum version 163. Trimmed value 3.07 to 3
2025-07-17 14:36:43,113 - ERROR - 70652 - Id: 49, Code: 2176, Msg: Warning: Your API version does not support fractional share size rules. Please upgrade to a minimum version 163. Trimmed value 3.07 to 3
2025-07-17 14:36:43,120 - ERROR - 70652 - Id: 50, Code: 2176, Msg: Warning: Your API version does not support fractional share size rules. Please upgrade to a minimum version 163. Trimmed value 3.07 to 3
2025-07-17 14:36:45,561 - INFO - 109944 - AAPL get strikes.
2025-07-17 14:36:46,063 - INFO - 109944 - SPY get strikes.
2025-07-17 14:36:47,567 - INFO - 109944 - AMZN get strikes.
2025-07-17 14:36:48,069 - INFO - 109944 - QQQ get strikes.
2025-07-17 14:36:49,578 - INFO - 109944 - NVDA get strikes.
2025-07-17 14:36:51,084 - INFO - 109944 - TSLA get strikes.
2025-07-17 14:36:51,587 - INFO - 109944 - AMD get strikes.
2025-07-17 14:36:52,090 - INFO - 109944 - META get strikes.
2025-07-17 14:36:53,094 - INFO - 109944 - MSFT get strikes.
2025-07-17 14:36:53,596 - INFO - 109944 - NFLX get strikes.
2025-07-17 14:36:55,106 - INFO - 109944 - AAPL UNDERLYING PRICE IS = 210.98
2025-07-17 14:36:55,114 - INFO - 109944 - SPY UNDERLYING PRICE IS = 627.65
2025-07-17 14:36:55,117 - ERROR - 70652 - Id: 63, Code: 322, Msg: Error processing request.-'bQ' : cause - Duplicate ticker id
2025-07-17 14:36:55,125 - INFO - 109944 - AMZN UNDERLYING PRICE IS = 223.79
2025-07-17 14:36:55,125 - ERROR - 70652 - Id: 64, Code: 322, Msg: Error processing request.-'bQ' : cause - Duplicate ticker id
2025-07-17 14:36:55,134 - INFO - 109944 - QQQ UNDERLYING PRICE IS = 561.54
2025-07-17 14:36:55,134 - ERROR - 70652 - Id: 63, Code: 322, Msg: Error processing request.-'bQ' : cause - Duplicate ticker id
2025-07-17 14:36:55,144 - INFO - 109944 - NVDA UNDERLYING PRICE IS = 173.35
2025-07-17 14:36:55,147 - ERROR - 70652 - Id: 64, Code: 322, Msg: Error processing request.-'bQ' : cause - Duplicate ticker id
2025-07-17 14:36:55,156 - ERROR - 70652 - Id: 63, Code: 322, Msg: Error processing request.-'bQ' : cause - Duplicate ticker id
2025-07-17 14:36:55,157 - INFO - 109944 - TSLA UNDERLYING PRICE IS = 319.44
2025-07-17 14:36:55,163 - INFO - 109944 - AMD UNDERLYING PRICE IS = 158.81
2025-07-17 14:36:55,166 - INFO - 109944 - META UNDERLYING PRICE IS = 701.08
2025-07-17 14:36:55,173 - INFO - 109944 - MSFT UNDERLYING PRICE IS = 511.87
2025-07-17 14:36:55,176 - INFO - 109944 - NFLX UNDERLYING PRICE IS = 1271.29
2025-07-17 14:36:55,215 - ERROR - 70652 - Id: 64, Code: 322, Msg: Error processing request.-'bQ' : cause - Duplicate ticker id
2025-07-17 14:36:55,218 - ERROR - 70652 - Id: 63, Code: 322, Msg: Error processing request.-'bQ' : cause - Duplicate ticker id
2025-07-17 14:36:55,220 - ERROR - 70652 - Id: 64, Code: 322, Msg: Error processing request.-'bQ' : cause - Duplicate ticker id
2025-07-17 14:36:55,220 - ERROR - 70652 - Id: 63, Code: 322, Msg: Error processing request.-'bQ' : cause - Duplicate ticker id
2025-07-17 14:36:55,222 - ERROR - 70652 - Id: 64, Code: 322, Msg: Error processing request.-'bQ' : cause - Duplicate ticker id
2025-07-17 14:36:55,249 - ERROR - 70652 - Id: 63, Code: 200, Msg: The contract description specified for AAPL is ambiguous.
2025-07-17 14:36:55,250 - ERROR - 70652 - Id: 61, Code: 200, Msg: No security definition has been found for the request
2025-07-17 14:36:55,288 - ERROR - 70652 - Id: 62, Code: 200, Msg: No security definition has been found for the request
2025-07-17 14:36:55,316 - ERROR - 70652 - Id: 64, Code: 322, Msg: Error processing request.-'bQ' : cause - Duplicate ticker id
2025-07-17 14:36:55,317 - ERROR - 70652 - Id: 63, Code: 322, Msg: Error processing request.-'bQ' : cause - Duplicate ticker id
2025-07-17 14:36:55,415 - ERROR - 70652 - Id: 64, Code: 322, Msg: Error processing request.-'bQ' : cause - Duplicate ticker id
2025-07-17 14:36:55,416 - ERROR - 70652 - Id: 63, Code: 322, Msg: Error processing request.-'bQ' : cause - Duplicate ticker id
2025-07-17 14:36:55,515 - ERROR - 70652 - Id: 64, Code: 322, Msg: Error processing request.-'bQ' : cause - Duplicate ticker id
2025-07-17 14:36:56,015 - ERROR - 70652 - Id: 67, Code: 322, Msg: Error processing request.-'bQ' : cause - Duplicate ticker id
2025-07-17 14:36:56,115 - ERROR - 70652 - Id: 68, Code: 322, Msg: Error processing request.-'bQ' : cause - Duplicate ticker id
2025-07-17 14:36:56,117 - ERROR - 70652 - Id: 67, Code: 322, Msg: Error processing request.-'bQ' : cause - Duplicate ticker id
2025-07-17 14:36:56,120 - ERROR - 70652 - Id: 68, Code: 322, Msg: Error processing request.-'bQ' : cause - Duplicate ticker id
2025-07-17 14:36:56,121 - ERROR - 70652 - Id: 67, Code: 322, Msg: Error processing request.-'bQ' : cause - Duplicate ticker id
2025-07-17 14:36:56,126 - ERROR - 70652 - Id: 68, Code: 322, Msg: Error processing request.-'bQ' : cause - Duplicate ticker id
2025-07-17 14:36:56,129 - ERROR - 70652 - Id: 67, Code: 322, Msg: Error processing request.-'bQ' : cause - Duplicate ticker id
2025-07-17 14:36:56,133 - ERROR - 70652 - Id: 68, Code: 322, Msg: Error processing request.-'bQ' : cause - Duplicate ticker id
2025-07-17 14:36:56,134 - ERROR - 70652 - Id: 67, Code: 322, Msg: Error processing request.-'bQ' : cause - Duplicate ticker id
2025-07-17 14:36:56,135 - ERROR - 70652 - Id: 68, Code: 322, Msg: Error processing request.-'bQ' : cause - Duplicate ticker id
2025-07-17 14:36:56,137 - ERROR - 70652 - Id: 67, Code: 322, Msg: Error processing request.-'bQ' : cause - Duplicate ticker id
2025-07-17 14:36:56,138 - ERROR - 70652 - Id: 68, Code: 322, Msg: Error processing request.-'bQ' : cause - Duplicate ticker id
2025-07-17 14:36:56,141 - ERROR - 70652 - Id: 67, Code: 322, Msg: Error processing request.-'bQ' : cause - Duplicate ticker id
2025-07-17 14:36:56,143 - ERROR - 70652 - Id: 68, Code: 322, Msg: Error processing request.-'bQ' : cause - Duplicate ticker id
2025-07-17 14:36:56,145 - ERROR - 70652 - Id: 67, Code: 322, Msg: Error processing request.-'bQ' : cause - Duplicate ticker id
2025-07-17 14:36:56,146 - ERROR - 70652 - Id: 68, Code: 322, Msg: Error processing request.-'bQ' : cause - Duplicate ticker id
2025-07-17 14:36:56,148 - ERROR - 70652 - Id: 91, Code: 322, Msg: Error processing request.-'bQ' : cause - Duplicate ticker id
2025-07-17 14:36:56,150 - ERROR - 70652 - Id: 92, Code: 322, Msg: Error processing request.-'bQ' : cause - Duplicate ticker id
2025-07-17 14:36:56,151 - ERROR - 70652 - Id: 91, Code: 322, Msg: Error processing request.-'bQ' : cause - Duplicate ticker id
2025-07-17 14:36:56,155 - ERROR - 70652 - Id: 92, Code: 322, Msg: Error processing request.-'bQ' : cause - Duplicate ticker id
2025-07-17 14:36:56,159 - ERROR - 70652 - Id: 91, Code: 322, Msg: Error processing request.-'bQ' : cause - Duplicate ticker id
2025-07-17 14:36:56,160 - ERROR - 70652 - Id: 92, Code: 322, Msg: Error processing request.-'bQ' : cause - Duplicate ticker id
2025-07-17 14:36:56,161 - ERROR - 70652 - Id: 91, Code: 322, Msg: Error processing request.-'bQ' : cause - Duplicate ticker id
2025-07-17 14:36:56,163 - ERROR - 70652 - Id: 92, Code: 322, Msg: Error processing request.-'bQ' : cause - Duplicate ticker id
2025-07-17 14:36:56,164 - ERROR - 70652 - Id: 91, Code: 322, Msg: Error processing request.-'bQ' : cause - Duplicate ticker id
2025-07-17 14:36:56,177 - ERROR - 70652 - Id: 92, Code: 322, Msg: Error processing request.-'bQ' : cause - Duplicate ticker id
2025-07-17 14:36:56,183 - ERROR - 70652 - Id: 91, Code: 322, Msg: Error processing request.-'bQ' : cause - Duplicate ticker id
2025-07-17 14:36:56,215 - ERROR - 70652 - Id: 92, Code: 322, Msg: Error processing request.-'bQ' : cause - Duplicate ticker id
2025-07-17 14:36:56,217 - ERROR - 70652 - Id: 91, Code: 322, Msg: Error processing request.-'bQ' : cause - Duplicate ticker id
2025-07-17 14:36:56,220 - ERROR - 70652 - Id: 92, Code: 322, Msg: Error processing request.-'bQ' : cause - Duplicate ticker id
2025-07-17 14:36:56,221 - ERROR - 70652 - Id: 91, Code: 322, Msg: Error processing request.-'bQ' : cause - Duplicate ticker id
2025-07-17 14:36:56,223 - ERROR - 70652 - Id: 92, Code: 322, Msg: Error processing request.-'bQ' : cause - Duplicate ticker id
2025-07-17 14:36:56,266 - ERROR - 70652 - Id: 93, Code: 200, Msg: No security definition has been found for the request
2025-07-17 14:36:56,269 - ERROR - 70652 - Id: 94, Code: 200, Msg: No security definition has been found for the request
2025-07-17 14:36:56,275 - ERROR - 70652 - Id: 97, Code: 200, Msg: No security definition has been found for the request
2025-07-17 14:36:56,284 - ERROR - 70652 - Id: 98, Code: 200, Msg: No security definition has been found for the request
2025-07-17 14:36:56,287 - ERROR - 70652 - Id: 103, Code: 200, Msg: No security definition has been found for the request
2025-07-17 14:36:56,288 - ERROR - 70652 - Id: 101, Code: 200, Msg: No security definition has been found for the request
2025-07-17 14:36:56,293 - ERROR - 70652 - Id: 102, Code: 200, Msg: No security definition has been found for the request
2025-07-17 14:36:56,295 - ERROR - 70652 - Id: 104, Code: 200, Msg: No security definition has been found for the request
2025-07-17 14:36:56,296 - ERROR - 70652 - Id: 107, Code: 200, Msg: No security definition has been found for the request
2025-07-17 14:36:56,298 - ERROR - 70652 - Id: 108, Code: 200, Msg: No security definition has been found for the request
2025-07-17 14:36:56,299 - ERROR - 70652 - Id: 109, Code: 200, Msg: No security definition has been found for the request
2025-07-17 14:36:56,329 - ERROR - 70652 - Id: 110, Code: 200, Msg: No security definition has been found for the request
2025-07-17 14:37:00,191 - ERROR - 70652 - Id: 64, Code: 200, Msg: The contract description specified for AAPL is ambiguous.
2025-07-17 14:37:05,182 - ERROR - 70652 - Id: 63, Code: 200, Msg: The contract description specified for AAPL is ambiguous.
2025-07-17 14:37:05,208 - INFO - 109944 - Fetching All strikes/Expiries List for all stocks. = ['AAPL', 'SPY', 'AMZN', 'QQQ', 'NVDA', 'TSLA', 'AMD', 'META', 'MSFT', 'NFLX']
2025-07-17 14:37:05,247 - INFO - 109944 - synchronize positions
2025-07-17 14:37:05,250 - ERROR - 70652 - Id: 213, Code: 200, Msg: No security definition has been found for the request
2025-07-17 14:37:05,250 - INFO - 109944 - get BUY filled order
2025-07-17 14:37:05,253 - INFO - 109944 - synchronize orders
2025-07-17 14:37:05,256 - INFO - 93584 - Starting event processor #1
2025-07-17 14:37:05,263 - INFO - 17072 - Starting event processor #2
2025-07-17 14:37:05,271 - INFO - 31732 - Starting event processor #3
2025-07-17 14:37:05,271 - ERROR - 70652 - Id: 214, Code: 200, Msg: No security definition has been found for the request
2025-07-17 14:37:05,312 - INFO - 60048 - Starting event processor #4
2025-07-17 14:37:05,318 - INFO - 93584 - Checking BEARISH OR BULLISH Engulf Data for stock = AMD
2025-07-17 14:37:05,319 - INFO - 17072 - Checking BEARISH OR BULLISH Engulf Data for stock = AMZN
2025-07-17 14:37:05,319 - INFO - 93584 - Last 7 candles data 1st is = [1471692982944: Date: 2025-07-17 14:05:00, Open: 159.320000, High: 159.380000, Low: 159.000000, Close: 159.170000, Volume: 2362, Average: 159.162000, BarCount: 1196, 1471692983040: Date: 2025-07-17 14:10:00, Open: 159.180000, High: 159.280000, Low: 158.970000, Close: 159.150000, Volume: 2556, Average: 159.128000, BarCount: 1027, 1471692983136: Date: 2025-07-17 14:15:00, Open: 159.140000, High: 159.310000, Low: 159.080000, Close: 159.300000, Volume: 1751, Average: 159.189000, BarCount: 865, 1471692983232: Date: 2025-07-17 14:20:00, Open: 159.310000, High: 159.350000, Low: 159.080000, Close: 159.220000, Volume: 1199, Average: 159.195000, BarCount: 645, 1471692983328: Date: 2025-07-17 14:25:00, Open: 159.220000, High: 159.270000, Low: 159.010000, Close: 159.140000, Volume: 1812, Average: 159.160000, BarCount: 922, 1471692983424: Date: 2025-07-17 14:30:00, Open: 159.150000, High: 159.310000, Low: 158.870000, Close: 158.910000, Volume: 2449, Average: 159.113000, BarCount: 1191, 1471693290768: Date: 2025-07-17 14:35:00, Open: 158.890000, High: 158.970000, Low: 158.770000, Close: 158.800000, Volume: 1466, Average: 158.844374, BarCount: 587]
2025-07-17 14:37:05,321 - INFO - 17072 - Last 7 candles data 1st is = [1471692597072: Date: 2025-07-17 14:05:00, Open: 223.850000, High: 223.990000, Low: 223.790000, Close: 223.900000, Volume: 1482, Average: 223.879000, BarCount: 914, 1471692597168: Date: 2025-07-17 14:10:00, Open: 223.890000, High: 223.910000, Low: 223.670000, Close: 223.700000, Volume: 1549, Average: 223.743000, BarCount: 905, 1471692597264: Date: 2025-07-17 14:15:00, Open: 223.690000, High: 223.820000, Low: 223.630000, Close: 223.770000, Volume: 1636, Average: 223.728000, BarCount: 913, 1471692597360: Date: 2025-07-17 14:20:00, Open: 223.760000, High: 223.860000, Low: 223.680000, Close: 223.850000, Volume: 1317, Average: 223.754000, BarCount: 704, 1471692597456: Date: 2025-07-17 14:25:00, Open: 223.830000, High: 223.970000, Low: 223.790000, Close: 223.940000, Volume: 1259, Average: 223.886000, BarCount: 838, 1471692597552: Date: 2025-07-17 14:30:00, Open: 223.940000, High: 223.970000, Low: 223.850000, Close: 223.880000, Volume: 1693, Average: 223.910000, BarCount: 1046, 1471692079904: Date: 2025-07-17 14:35:00, Open: 223.880000, High: 223.880000, Low: 223.760000, Close: 223.780000, Volume: 565, Average: 223.799706, BarCount: 391]
2025-07-17 14:37:05,321 - INFO - 60048 - Checking BEARISH OR BULLISH Engulf Data for stock = SPY
2025-07-17 14:37:05,327 - INFO - 93584 - 

*********************************** <<<<Stock = AMD >>>>> NO CONDITION MEET. Return FALSE                     candle_1_close = 159.15 and candle_1_high = 159.28 candle_1_vol = 2556 and candle_0_vol = 2362                     4th Candle close is = 159.22, 3rd Candle Close is =159.3, Current Open is = 159.32, Current Close is = 159.17, Previous OPEN is = 159.18.                     ********************************** STOCK CHECK END ********************************************


2025-07-17 14:37:05,333 - INFO - 17072 - 

*********************************** <<<<Stock = AMZN >>>>> NO CONDITION MEET. Return FALSE                     candle_1_close = 223.7 and candle_1_high = 223.91 candle_1_vol = 1549 and candle_0_vol = 1482                     4th Candle close is = 223.85, 3rd Candle Close is =223.77, Current Open is = 223.85, Current Close is = 223.9, Previous OPEN is = 223.89.                     ********************************** STOCK CHECK END ********************************************


2025-07-17 14:37:05,344 - INFO - 60048 - Last 7 candles data 1st is = [1471692455856: Date: 2025-07-17 14:05:00, Open: 627.440000, High: 627.450000, Low: 627.280000, Close: 627.370000, Volume: 3575, Average: 627.374000, BarCount: 2304, 1471692444432: Date: 2025-07-17 14:10:00, Open: 627.380000, High: 627.420000, Low: 627.140000, Close: 627.160000, Volume: 4250, Average: 627.273000, BarCount: 2843, 1471692444384: Date: 2025-07-17 14:15:00, Open: 627.160000, High: 627.510000, Low: 627.140000, Close: 627.480000, Volume: 3248, Average: 627.324000, BarCount: 2110, 1471692521744: Date: 2025-07-17 14:20:00, Open: 627.480000, High: 627.790000, Low: 627.430000, Close: 627.780000, Volume: 4185, Average: 627.567000, BarCount: 2775, 1471692521840: Date: 2025-07-17 14:25:00, Open: 627.770000, High: 627.880000, Low: 627.670000, Close: 627.830000, Volume: 5988, Average: 627.771000, BarCount: 3243, 1471692521936: Date: 2025-07-17 14:30:00, Open: 627.840000, High: 627.910000, Low: 627.670000, Close: 627.790000, Volume: 4795, Average: 627.803000, BarCount: 2802, 1471692093104: Date: 2025-07-17 14:35:00, Open: 627.780000, High: 627.810000, Low: 627.640000, Close: 627.670000, Volume: 2718, Average: 627.702461, BarCount: 1314]
2025-07-17 14:37:05,350 - INFO - 93584 - 
 dataEngulf = (False, 'None', 'AMD', 'notrade')

2025-07-17 14:37:05,357 - INFO - 17072 - 
 dataEngulf = (False, 'None', 'AMZN', 'notrade')

2025-07-17 14:37:05,363 - INFO - 60048 - 

*********************************** <<<<Stock = SPY >>>>> NO CONDITION MEET. Return FALSE                     candle_1_close = 627.16 and candle_1_high = 627.42 candle_1_vol = 4250 and candle_0_vol = 3575                     4th Candle close is = 627.78, 3rd Candle Close is =627.48, Current Open is = 627.44, Current Close is = 627.37, Previous OPEN is = 627.38.                     ********************************** STOCK CHECK END ********************************************


2025-07-17 14:37:05,392 - INFO - 60048 - 
 dataEngulf = (False, 'None', 'SPY', 'notrade')

2025-07-17 14:37:05,483 - INFO - 31732 - Checking BEARISH OR BULLISH Engulf Data for stock = MSFT
2025-07-17 14:37:05,484 - INFO - 17072 - Checking BEARISH OR BULLISH Engulf Data for stock = TSLA
2025-07-17 14:37:05,485 - INFO - 31732 - Last 7 candles data 1st is = [1471693082496: Date: 2025-07-17 14:05:00, Open: 512.610000, High: 512.610000, Low: 511.880000, Close: 512.180000, Volume: 581, Average: 512.310000, BarCount: 395, 1471693082592: Date: 2025-07-17 14:10:00, Open: 512.200000, High: 512.440000, Low: 511.900000, Close: 512.080000, Volume: 522, Average: 512.067000, BarCount: 320, 1471693082688: Date: 2025-07-17 14:15:00, Open: 512.100000, High: 512.330000, Low: 511.990000, Close: 512.250000, Volume: 486, Average: 512.118000, BarCount: 383, 1471693082784: Date: 2025-07-17 14:20:00, Open: 512.250000, High: 512.290000, Low: 511.970000, Close: 512.250000, Volume: 689, Average: 512.082000, BarCount: 365, 1471693082880: Date: 2025-07-17 14:25:00, Open: 512.260000, High: 512.390000, Low: 512.130000, Close: 512.140000, Volume: 520, Average: 512.271000, BarCount: 384, 1471693082976: Date: 2025-07-17 14:30:00, Open: 512.130000, High: 512.200000, Low: 511.760000, Close: 511.920000, Volume: 454, Average: 511.941000, BarCount: 333, 1471692079328: Date: 2025-07-17 14:35:00, Open: 511.930000, High: 512.030000, Low: 511.860000, Close: 511.900000, Volume: 206, Average: 511.940422, BarCount: 135]
2025-07-17 14:37:05,488 - INFO - 93584 - Checking BEARISH OR BULLISH Engulf Data for stock = AMZN
2025-07-17 14:37:05,494 - INFO - 31732 - 

*********************************** <<<<Stock = MSFT >>>>> NO CONDITION MEET. Return FALSE                     candle_1_close = 512.08 and candle_1_high = 512.44 candle_1_vol = 522 and candle_0_vol = 581                     4th Candle close is = 512.25, 3rd Candle Close is =512.25, Current Open is = 512.61, Current Close is = 512.18, Previous OPEN is = 512.2.                     ********************************** STOCK CHECK END ********************************************


2025-07-17 14:37:05,507 - INFO - 17072 - Last 7 candles data 1st is = [1471692855616: Date: 2025-07-17 14:05:00, Open: 319.540000, High: 319.590000, Low: 318.330000, Close: 318.670000, Volume: 5790, Average: 318.791000, BarCount: 2480, 1471692855712: Date: 2025-07-17 14:10:00, Open: 318.670000, High: 318.820000, Low: 318.210000, Close: 318.400000, Volume: 3823, Average: 318.542000, BarCount: 1656, 1471692855808: Date: 2025-07-17 14:15:00, Open: 318.410000, High: 319.320000, Low: 318.320000, Close: 319.300000, Volume: 3662, Average: 318.798000, BarCount: 1498, 1471692855904: Date: 2025-07-17 14:20:00, Open: 319.300000, High: 319.360000, Low: 318.650000, Close: 319.060000, Volume: 3417, Average: 319.037000, BarCount: 1568, 1471692856000: Date: 2025-07-17 14:25:00, Open: 319.000000, High: 319.100000, Low: 318.550000, Close: 319.010000, Volume: 3323, Average: 318.866000, BarCount: 1399, 1471692856096: Date: 2025-07-17 14:30:00, Open: 319.030000, High: 319.750000, Low: 318.920000, Close: 319.530000, Volume: 4697, Average: 319.414000, BarCount: 1850, 1471693090848: Date: 2025-07-17 14:35:00, Open: 319.540000, High: 319.580000, Low: 319.200000, Close: 319.450000, Volume: 1231, Average: 319.366888, BarCount: 547]
2025-07-17 14:37:05,519 - INFO - 93584 - Last 7 candles data 1st is = [1471692597072: Date: 2025-07-17 14:05:00, Open: 223.850000, High: 223.990000, Low: 223.790000, Close: 223.900000, Volume: 1482, Average: 223.879000, BarCount: 914, 1471692597168: Date: 2025-07-17 14:10:00, Open: 223.890000, High: 223.910000, Low: 223.670000, Close: 223.700000, Volume: 1549, Average: 223.743000, BarCount: 905, 1471692597264: Date: 2025-07-17 14:15:00, Open: 223.690000, High: 223.820000, Low: 223.630000, Close: 223.770000, Volume: 1636, Average: 223.728000, BarCount: 913, 1471692597360: Date: 2025-07-17 14:20:00, Open: 223.760000, High: 223.860000, Low: 223.680000, Close: 223.850000, Volume: 1317, Average: 223.754000, BarCount: 704, 1471692597456: Date: 2025-07-17 14:25:00, Open: 223.830000, High: 223.970000, Low: 223.790000, Close: 223.940000, Volume: 1259, Average: 223.886000, BarCount: 838, 1471692597552: Date: 2025-07-17 14:30:00, Open: 223.940000, High: 223.970000, Low: 223.850000, Close: 223.880000, Volume: 1693, Average: 223.910000, BarCount: 1046, 1471692859168: Date: 2025-07-17 14:35:00, Open: 223.880000, High: 223.880000, Low: 223.760000, Close: 223.760000, Volume: 569, Average: 223.799427, BarCount: 393]
2025-07-17 14:37:05,527 - INFO - 31732 - 
 dataEngulf = (False, 'None', 'MSFT', 'notrade')

2025-07-17 14:37:05,537 - INFO - 17072 - 

*********************************** <<<<Stock = TSLA >>>>> NO CONDITION MEET. Return FALSE                     candle_1_close = 318.4 and candle_1_high = 318.82 candle_1_vol = 3823 and candle_0_vol = 5790                     4th Candle close is = 319.06, 3rd Candle Close is =319.3, Current Open is = 319.54, Current Close is = 318.67, Previous OPEN is = 318.67.                     ********************************** STOCK CHECK END ********************************************


2025-07-17 14:37:05,551 - INFO - 93584 - 

*********************************** <<<<Stock = AMZN >>>>> NO CONDITION MEET. Return FALSE                     candle_1_close = 223.7 and candle_1_high = 223.91 candle_1_vol = 1549 and candle_0_vol = 1482                     4th Candle close is = 223.85, 3rd Candle Close is =223.77, Current Open is = 223.85, Current Close is = 223.9, Previous OPEN is = 223.89.                     ********************************** STOCK CHECK END ********************************************


2025-07-17 14:37:05,566 - INFO - 17072 - 
 dataEngulf = (False, 'None', 'TSLA', 'notrade')

2025-07-17 14:37:05,568 - INFO - 93584 - 
 dataEngulf = (False, 'None', 'AMZN', 'notrade')

2025-07-17 14:37:05,794 - INFO - 17072 - Checking BEARISH OR BULLISH Engulf Data for stock = AMD
2025-07-17 14:37:05,795 - INFO - 17072 - Last 7 candles data 1st is = [1471692982944: Date: 2025-07-17 14:05:00, Open: 159.320000, High: 159.380000, Low: 159.000000, Close: 159.170000, Volume: 2362, Average: 159.162000, BarCount: 1196, 1471692983040: Date: 2025-07-17 14:10:00, Open: 159.180000, High: 159.280000, Low: 158.970000, Close: 159.150000, Volume: 2556, Average: 159.128000, BarCount: 1027, 1471692983136: Date: 2025-07-17 14:15:00, Open: 159.140000, High: 159.310000, Low: 159.080000, Close: 159.300000, Volume: 1751, Average: 159.189000, BarCount: 865, 1471692983232: Date: 2025-07-17 14:20:00, Open: 159.310000, High: 159.350000, Low: 159.080000, Close: 159.220000, Volume: 1199, Average: 159.195000, BarCount: 645, 1471692983328: Date: 2025-07-17 14:25:00, Open: 159.220000, High: 159.270000, Low: 159.010000, Close: 159.140000, Volume: 1812, Average: 159.160000, BarCount: 922, 1471692983424: Date: 2025-07-17 14:30:00, Open: 159.150000, High: 159.310000, Low: 158.870000, Close: 158.910000, Volume: 2449, Average: 159.113000, BarCount: 1191, 1471691797712: Date: 2025-07-17 14:35:00, Open: 158.890000, High: 158.970000, Low: 158.690000, Close: 158.710000, Volume: 1850, Average: 158.821552, BarCount: 737]
2025-07-17 14:37:05,796 - INFO - 60048 - Checking BEARISH OR BULLISH Engulf Data for stock = AMZN
2025-07-17 14:37:05,798 - INFO - 17072 - 

*********************************** <<<<Stock = AMD >>>>> NO CONDITION MEET. Return FALSE                     candle_1_close = 159.15 and candle_1_high = 159.28 candle_1_vol = 2556 and candle_0_vol = 2362                     4th Candle close is = 159.22, 3rd Candle Close is =159.3, Current Open is = 159.32, Current Close is = 159.17, Previous OPEN is = 159.18.                     ********************************** STOCK CHECK END ********************************************


2025-07-17 14:37:05,800 - INFO - 60048 - Last 7 candles data 1st is = [1471692597072: Date: 2025-07-17 14:05:00, Open: 223.850000, High: 223.990000, Low: 223.790000, Close: 223.900000, Volume: 1482, Average: 223.879000, BarCount: 914, 1471692597168: Date: 2025-07-17 14:10:00, Open: 223.890000, High: 223.910000, Low: 223.670000, Close: 223.700000, Volume: 1549, Average: 223.743000, BarCount: 905, 1471692597264: Date: 2025-07-17 14:15:00, Open: 223.690000, High: 223.820000, Low: 223.630000, Close: 223.770000, Volume: 1636, Average: 223.728000, BarCount: 913, 1471692597360: Date: 2025-07-17 14:20:00, Open: 223.760000, High: 223.860000, Low: 223.680000, Close: 223.850000, Volume: 1317, Average: 223.754000, BarCount: 704, 1471692597456: Date: 2025-07-17 14:25:00, Open: 223.830000, High: 223.970000, Low: 223.790000, Close: 223.940000, Volume: 1259, Average: 223.886000, BarCount: 838, 1471692597552: Date: 2025-07-17 14:30:00, Open: 223.940000, High: 223.970000, Low: 223.850000, Close: 223.880000, Volume: 1693, Average: 223.910000, BarCount: 1046, 1471692859168: Date: 2025-07-17 14:35:00, Open: 223.880000, High: 223.880000, Low: 223.760000, Close: 223.760000, Volume: 569, Average: 223.799427, BarCount: 393]
2025-07-17 14:37:05,805 - INFO - 17072 - 
 dataEngulf = (False, 'None', 'AMD', 'notrade')

2025-07-17 14:37:05,807 - INFO - 60048 - 

*********************************** <<<<Stock = AMZN >>>>> NO CONDITION MEET. Return FALSE                     candle_1_close = 223.7 and candle_1_high = 223.91 candle_1_vol = 1549 and candle_0_vol = 1482                     4th Candle close is = 223.85, 3rd Candle Close is =223.77, Current Open is = 223.85, Current Close is = 223.9, Previous OPEN is = 223.89.                     ********************************** STOCK CHECK END ********************************************


2025-07-17 14:37:05,812 - INFO - 60048 - 
 dataEngulf = (False, 'None', 'AMZN', 'notrade')

2025-07-17 14:37:06,045 - INFO - 31732 - Checking BEARISH OR BULLISH Engulf Data for stock = AMD
2025-07-17 14:37:06,047 - INFO - 93584 - Checking BEARISH OR BULLISH Engulf Data for stock = QQQ
2025-07-17 14:37:06,047 - INFO - 31732 - Last 7 candles data 1st is = [1471692982944: Date: 2025-07-17 14:05:00, Open: 159.320000, High: 159.380000, Low: 159.000000, Close: 159.170000, Volume: 2362, Average: 159.162000, BarCount: 1196, 1471692983040: Date: 2025-07-17 14:10:00, Open: 159.180000, High: 159.280000, Low: 158.970000, Close: 159.150000, Volume: 2556, Average: 159.128000, BarCount: 1027, 1471692983136: Date: 2025-07-17 14:15:00, Open: 159.140000, High: 159.310000, Low: 159.080000, Close: 159.300000, Volume: 1751, Average: 159.189000, BarCount: 865, 1471692983232: Date: 2025-07-17 14:20:00, Open: 159.310000, High: 159.350000, Low: 159.080000, Close: 159.220000, Volume: 1199, Average: 159.195000, BarCount: 645, 1471692983328: Date: 2025-07-17 14:25:00, Open: 159.220000, High: 159.270000, Low: 159.010000, Close: 159.140000, Volume: 1812, Average: 159.160000, BarCount: 922, 1471692983424: Date: 2025-07-17 14:30:00, Open: 159.150000, High: 159.310000, Low: 158.870000, Close: 158.910000, Volume: 2449, Average: 159.113000, BarCount: 1191, 1471691797712: Date: 2025-07-17 14:35:00, Open: 158.890000, High: 158.970000, Low: 158.690000, Close: 158.710000, Volume: 1850, Average: 158.821552, BarCount: 737]
2025-07-17 14:37:06,048 - INFO - 93584 - Last 7 candles data 1st is = [1471692743328: Date: 2025-07-17 14:05:00, Open: 561.920000, High: 561.920000, Low: 561.620000, Close: 561.650000, Volume: 2567, Average: 561.724000, BarCount: 1285, 1471692743424: Date: 2025-07-17 14:10:00, Open: 561.650000, High: 561.700000, Low: 561.400000, Close: 561.420000, Volume: 2541, Average: 561.492000, BarCount: 1312, 1471692743520: Date: 2025-07-17 14:15:00, Open: 561.420000, High: 561.720000, Low: 561.300000, Close: 561.680000, Volume: 3336, Average: 561.509000, BarCount: 1827, 1471692743616: Date: 2025-07-17 14:20:00, Open: 561.680000, High: 561.800000, Low: 561.520000, Close: 561.770000, Volume: 2571, Average: 561.615000, BarCount: 1541, 1471692743712: Date: 2025-07-17 14:25:00, Open: 561.770000, High: 561.830000, Low: 561.580000, Close: 561.750000, Volume: 2195, Average: 561.695000, BarCount: 1375, 1471692743808: Date: 2025-07-17 14:30:00, Open: 561.750000, High: 561.830000, Low: 561.540000, Close: 561.680000, Volume: 2652, Average: 561.713000, BarCount: 1484, 1471692859456: Date: 2025-07-17 14:35:00, Open: 561.680000, High: 561.680000, Low: 561.520000, Close: 561.550000, Volume: 1292, Average: 561.600807, BarCount: 610]
2025-07-17 14:37:06,050 - INFO - 31732 - 

*********************************** <<<<Stock = AMD >>>>> NO CONDITION MEET. Return FALSE                     candle_1_close = 159.15 and candle_1_high = 159.28 candle_1_vol = 2556 and candle_0_vol = 2362                     4th Candle close is = 159.22, 3rd Candle Close is =159.3, Current Open is = 159.32, Current Close is = 159.17, Previous OPEN is = 159.18.                     ********************************** STOCK CHECK END ********************************************


2025-07-17 14:37:06,052 - INFO - 93584 - 

*********************************** <<<<Stock = QQQ >>>>> NO CONDITION MEET. Return FALSE                     candle_1_close = 561.42 and candle_1_high = 561.7 candle_1_vol = 2541 and candle_0_vol = 2567                     4th Candle close is = 561.77, 3rd Candle Close is =561.68, Current Open is = 561.92, Current Close is = 561.65, Previous OPEN is = 561.65.                     ********************************** STOCK CHECK END ********************************************


2025-07-17 14:37:06,052 - INFO - 31732 - 
 dataEngulf = (False, 'None', 'AMD', 'notrade')

2025-07-17 14:37:06,054 - INFO - 93584 - 
 dataEngulf = (False, 'None', 'QQQ', 'notrade')

2025-07-17 14:37:06,302 - INFO - 60048 - Checking BEARISH OR BULLISH Engulf Data for stock = AMD
2025-07-17 14:37:06,303 - INFO - 60048 - Last 7 candles data 1st is = [1471692982944: Date: 2025-07-17 14:05:00, Open: 159.320000, High: 159.380000, Low: 159.000000, Close: 159.170000, Volume: 2362, Average: 159.162000, BarCount: 1196, 1471692983040: Date: 2025-07-17 14:10:00, Open: 159.180000, High: 159.280000, Low: 158.970000, Close: 159.150000, Volume: 2556, Average: 159.128000, BarCount: 1027, 1471692983136: Date: 2025-07-17 14:15:00, Open: 159.140000, High: 159.310000, Low: 159.080000, Close: 159.300000, Volume: 1751, Average: 159.189000, BarCount: 865, 1471692983232: Date: 2025-07-17 14:20:00, Open: 159.310000, High: 159.350000, Low: 159.080000, Close: 159.220000, Volume: 1199, Average: 159.195000, BarCount: 645, 1471692983328: Date: 2025-07-17 14:25:00, Open: 159.220000, High: 159.270000, Low: 159.010000, Close: 159.140000, Volume: 1812, Average: 159.160000, BarCount: 922, 1471692983424: Date: 2025-07-17 14:30:00, Open: 159.150000, High: 159.310000, Low: 158.870000, Close: 158.910000, Volume: 2449, Average: 159.113000, BarCount: 1191, 1471691797712: Date: 2025-07-17 14:35:00, Open: 158.890000, High: 158.970000, Low: 158.690000, Close: 158.710000, Volume: 1850, Average: 158.821552, BarCount: 737]
2025-07-17 14:37:06,306 - INFO - 60048 - 

*********************************** <<<<Stock = AMD >>>>> NO CONDITION MEET. Return FALSE                     candle_1_close = 159.15 and candle_1_high = 159.28 candle_1_vol = 2556 and candle_0_vol = 2362                     4th Candle close is = 159.22, 3rd Candle Close is =159.3, Current Open is = 159.32, Current Close is = 159.17, Previous OPEN is = 159.18.                     ********************************** STOCK CHECK END ********************************************


2025-07-17 14:37:06,309 - INFO - 60048 - 
 dataEngulf = (False, 'None', 'AMD', 'notrade')

2025-07-17 14:37:06,344 - ERROR - 70652 - Id: 293, Code: 200, Msg: No security definition has been found for the request
2025-07-17 14:37:06,364 - ERROR - 70652 - Id: 294, Code: 200, Msg: No security definition has been found for the request
2025-07-17 14:37:06,367 - ERROR - 70652 - Id: 297, Code: 200, Msg: No security definition has been found for the request
2025-07-17 14:37:06,369 - ERROR - 70652 - Id: 298, Code: 200, Msg: No security definition has been found for the request
2025-07-17 14:37:06,406 - ERROR - 70652 - Id: 301, Code: 200, Msg: No security definition has been found for the request
2025-07-17 14:37:06,434 - ERROR - 70652 - Id: 302, Code: 200, Msg: No security definition has been found for the request
2025-07-17 14:37:06,448 - ERROR - 70652 - Id: 303, Code: 200, Msg: No security definition has been found for the request
2025-07-17 14:37:06,484 - INFO - 60048 - Checking BEARISH OR BULLISH Engulf Data for stock = NVDA
2025-07-17 14:37:06,486 - INFO - 60048 - Last 7 candles data 1st is = [1471693199248: Date: 2025-07-17 14:05:00, Open: 173.280000, High: 173.290000, Low: 173.180000, Close: 173.280000, Volume: 6863, Average: 173.245000, BarCount: 3231, 1471693199344: Date: 2025-07-17 14:10:00, Open: 173.280000, High: 173.350000, Low: 173.190000, Close: 173.280000, Volume: 8580, Average: 173.264000, BarCount: 3618, 1471693199440: Date: 2025-07-17 14:15:00, Open: 173.270000, High: 173.350000, Low: 173.090000, Close: 173.340000, Volume: 9907, Average: 173.221000, BarCount: 4472, 1471693199536: Date: 2025-07-17 14:20:00, Open: 173.340000, High: 173.410000, Low: 173.140000, Close: 173.390000, Volume: 8972, Average: 173.291000, BarCount: 3526, 1471693199632: Date: 2025-07-17 14:25:00, Open: 173.390000, High: 173.420000, Low: 173.180000, Close: 173.300000, Volume: 6976, Average: 173.283000, BarCount: 2865, 1471693199728: Date: 2025-07-17 14:30:00, Open: 173.290000, High: 173.440000, Low: 173.260000, Close: 173.390000, Volume: 8300, Average: 173.365000, BarCount: 3664, 1471692198960: Date: 2025-07-17 14:35:00, Open: 173.390000, High: 173.490000, Low: 173.330000, Close: 173.340000, Volume: 3965, Average: 173.405946, BarCount: 1595]
2025-07-17 14:37:06,487 - INFO - 93584 - Checking BEARISH OR BULLISH Engulf Data for stock = TSLA
2025-07-17 14:37:06,490 - INFO - 60048 - 

*********************************** <<<<Stock = NVDA >>>>> NO CONDITION MEET. Return FALSE                     candle_1_close = 173.28 and candle_1_high = 173.35 candle_1_vol = 8580 and candle_0_vol = 6863                     4th Candle close is = 173.39, 3rd Candle Close is =173.34, Current Open is = 173.28, Current Close is = 173.28, Previous OPEN is = 173.28.                     ********************************** STOCK CHECK END ********************************************


2025-07-17 14:37:06,491 - INFO - 93584 - Last 7 candles data 1st is = [1471692855616: Date: 2025-07-17 14:05:00, Open: 319.540000, High: 319.590000, Low: 318.330000, Close: 318.670000, Volume: 5790, Average: 318.791000, BarCount: 2480, 1471692855712: Date: 2025-07-17 14:10:00, Open: 318.670000, High: 318.820000, Low: 318.210000, Close: 318.400000, Volume: 3823, Average: 318.542000, BarCount: 1656, 1471692855808: Date: 2025-07-17 14:15:00, Open: 318.410000, High: 319.320000, Low: 318.320000, Close: 319.300000, Volume: 3662, Average: 318.798000, BarCount: 1498, 1471692855904: Date: 2025-07-17 14:20:00, Open: 319.300000, High: 319.360000, Low: 318.650000, Close: 319.060000, Volume: 3417, Average: 319.037000, BarCount: 1568, 1471692856000: Date: 2025-07-17 14:25:00, Open: 319.000000, High: 319.100000, Low: 318.550000, Close: 319.010000, Volume: 3323, Average: 318.866000, BarCount: 1399, 1471692856096: Date: 2025-07-17 14:30:00, Open: 319.030000, High: 319.750000, Low: 318.920000, Close: 319.530000, Volume: 4697, Average: 319.414000, BarCount: 1850, 1471691799440: Date: 2025-07-17 14:35:00, Open: 319.540000, High: 319.580000, Low: 319.200000, Close: 319.440000, Volume: 1276, Average: 319.370014, BarCount: 572]
2025-07-17 14:37:06,497 - ERROR - 70652 - Id: 304, Code: 200, Msg: No security definition has been found for the request
2025-07-17 14:37:06,498 - INFO - 60048 - 
 dataEngulf = (False, 'None', 'NVDA', 'notrade')

2025-07-17 14:37:06,500 - INFO - 93584 - 

*********************************** <<<<Stock = TSLA >>>>> NO CONDITION MEET. Return FALSE                     candle_1_close = 318.4 and candle_1_high = 318.82 candle_1_vol = 3823 and candle_0_vol = 5790                     4th Candle close is = 319.06, 3rd Candle Close is =319.3, Current Open is = 319.54, Current Close is = 318.67, Previous OPEN is = 318.67.                     ********************************** STOCK CHECK END ********************************************


2025-07-17 14:37:06,502 - ERROR - 70652 - Id: 307, Code: 200, Msg: No security definition has been found for the request
2025-07-17 14:37:06,505 - INFO - 93584 - 
 dataEngulf = (False, 'None', 'TSLA', 'notrade')

2025-07-17 14:37:06,507 - ERROR - 70652 - Id: 308, Code: 200, Msg: No security definition has been found for the request
2025-07-17 14:37:06,513 - ERROR - 70652 - Id: 309, Code: 200, Msg: No security definition has been found for the request
2025-07-17 14:37:06,514 - ERROR - 70652 - Id: 310, Code: 200, Msg: No security definition has been found for the request
2025-07-17 14:37:06,777 - INFO - 93584 - Checking BEARISH OR BULLISH Engulf Data for stock = NVDA
2025-07-17 14:37:06,779 - INFO - 93584 - Last 7 candles data 1st is = [1471693199248: Date: 2025-07-17 14:05:00, Open: 173.280000, High: 173.290000, Low: 173.180000, Close: 173.280000, Volume: 6863, Average: 173.245000, BarCount: 3231, 1471693199344: Date: 2025-07-17 14:10:00, Open: 173.280000, High: 173.350000, Low: 173.190000, Close: 173.280000, Volume: 8580, Average: 173.264000, BarCount: 3618, 1471693199440: Date: 2025-07-17 14:15:00, Open: 173.270000, High: 173.350000, Low: 173.090000, Close: 173.340000, Volume: 9907, Average: 173.221000, BarCount: 4472, 1471693199536: Date: 2025-07-17 14:20:00, Open: 173.340000, High: 173.410000, Low: 173.140000, Close: 173.390000, Volume: 8972, Average: 173.291000, BarCount: 3526, 1471693199632: Date: 2025-07-17 14:25:00, Open: 173.390000, High: 173.420000, Low: 173.180000, Close: 173.300000, Volume: 6976, Average: 173.283000, BarCount: 2865, 1471693199728: Date: 2025-07-17 14:30:00, Open: 173.290000, High: 173.440000, Low: 173.260000, Close: 173.390000, Volume: 8300, Average: 173.365000, BarCount: 3664, 1471692198960: Date: 2025-07-17 14:35:00, Open: 173.390000, High: 173.490000, Low: 173.330000, Close: 173.340000, Volume: 3965, Average: 173.405946, BarCount: 1595]
2025-07-17 14:37:06,781 - INFO - 31732 - Checking BEARISH OR BULLISH Engulf Data for stock = QQQ
2025-07-17 14:37:06,781 - INFO - 93584 - 

*********************************** <<<<Stock = NVDA >>>>> NO CONDITION MEET. Return FALSE                     candle_1_close = 173.28 and candle_1_high = 173.35 candle_1_vol = 8580 and candle_0_vol = 6863                     4th Candle close is = 173.39, 3rd Candle Close is =173.34, Current Open is = 173.28, Current Close is = 173.28, Previous OPEN is = 173.28.                     ********************************** STOCK CHECK END ********************************************


2025-07-17 14:37:06,781 - INFO - 60048 - Checking BEARISH OR BULLISH Engulf Data for stock = AAPL
2025-07-17 14:37:06,782 - INFO - 31732 - Last 7 candles data 1st is = [1471692743328: Date: 2025-07-17 14:05:00, Open: 561.920000, High: 561.920000, Low: 561.620000, Close: 561.650000, Volume: 2567, Average: 561.724000, BarCount: 1285, 1471692743424: Date: 2025-07-17 14:10:00, Open: 561.650000, High: 561.700000, Low: 561.400000, Close: 561.420000, Volume: 2541, Average: 561.492000, BarCount: 1312, 1471692743520: Date: 2025-07-17 14:15:00, Open: 561.420000, High: 561.720000, Low: 561.300000, Close: 561.680000, Volume: 3336, Average: 561.509000, BarCount: 1827, 1471692743616: Date: 2025-07-17 14:20:00, Open: 561.680000, High: 561.800000, Low: 561.520000, Close: 561.770000, Volume: 2571, Average: 561.615000, BarCount: 1541, 1471692743712: Date: 2025-07-17 14:25:00, Open: 561.770000, High: 561.830000, Low: 561.580000, Close: 561.750000, Volume: 2195, Average: 561.695000, BarCount: 1375, 1471692743808: Date: 2025-07-17 14:30:00, Open: 561.750000, High: 561.830000, Low: 561.540000, Close: 561.680000, Volume: 2652, Average: 561.713000, BarCount: 1484, 1471692859456: Date: 2025-07-17 14:35:00, Open: 561.680000, High: 561.680000, Low: 561.520000, Close: 561.550000, Volume: 1292, Average: 561.600807, BarCount: 610]
2025-07-17 14:37:06,784 - INFO - 93584 - 
 dataEngulf = (False, 'None', 'NVDA', 'notrade')

2025-07-17 14:37:06,786 - INFO - 60048 - Last 7 candles data 1st is = [1471692195936: Date: 2025-07-17 14:05:00, Open: 211.730000, High: 211.800000, Low: 211.300000, Close: 211.340000, Volume: 2447, Average: 211.549000, BarCount: 1530, 1471692196032: Date: 2025-07-17 14:10:00, Open: 211.340000, High: 211.360000, Low: 211.140000, Close: 211.350000, Volume: 2499, Average: 211.232000, BarCount: 1634, 1471692196128: Date: 2025-07-17 14:15:00, Open: 211.350000, High: 211.700000, Low: 211.330000, Close: 211.610000, Volume: 4626, Average: 211.572000, BarCount: 2346, 1471692196224: Date: 2025-07-17 14:20:00, Open: 211.600000, High: 211.600000, Low: 211.200000, Close: 211.250000, Volume: 5413, Average: 211.333000, BarCount: 1932, 1471692196320: Date: 2025-07-17 14:25:00, Open: 211.240000, High: 211.330000, Low: 211.090000, Close: 211.280000, Volume: 2576, Average: 211.193000, BarCount: 1388, 1471692196416: Date: 2025-07-17 14:30:00, Open: 211.280000, High: 211.280000, Low: 211.040000, Close: 211.070000, Volume: 2495, Average: 211.174000, BarCount: 1505, 1471692019888: Date: 2025-07-17 14:35:00, Open: 211.070000, High: 211.070000, Low: 210.960000, Close: 210.960000, Volume: 1295, Average: 211.007359, BarCount: 770]
2025-07-17 14:37:06,788 - INFO - 31732 - 

*********************************** <<<<Stock = QQQ >>>>> NO CONDITION MEET. Return FALSE                     candle_1_close = 561.42 and candle_1_high = 561.7 candle_1_vol = 2541 and candle_0_vol = 2567                     4th Candle close is = 561.77, 3rd Candle Close is =561.68, Current Open is = 561.92, Current Close is = 561.65, Previous OPEN is = 561.65.                     ********************************** STOCK CHECK END ********************************************


2025-07-17 14:37:06,795 - INFO - 60048 - 

*********************************** <<<<Stock = AAPL >>>>> NO CONDITION MEET. Return FALSE                     candle_1_close = 211.35 and candle_1_high = 211.36 candle_1_vol = 2499 and candle_0_vol = 2447                     4th Candle close is = 211.25, 3rd Candle Close is =211.61, Current Open is = 211.73, Current Close is = 211.34, Previous OPEN is = 211.34.                     ********************************** STOCK CHECK END ********************************************


2025-07-17 14:37:06,797 - INFO - 31732 - 
 dataEngulf = (False, 'None', 'QQQ', 'notrade')

2025-07-17 14:37:06,799 - INFO - 60048 - 
 dataEngulf = (False, 'None', 'AAPL', 'notrade')

2025-07-17 14:37:07,080 - INFO - 31732 - Checking BEARISH OR BULLISH Engulf Data for stock = AMD
2025-07-17 14:37:07,082 - INFO - 31732 - Last 7 candles data 1st is = [1471692982944: Date: 2025-07-17 14:05:00, Open: 159.320000, High: 159.380000, Low: 159.000000, Close: 159.170000, Volume: 2362, Average: 159.162000, BarCount: 1196, 1471692983040: Date: 2025-07-17 14:10:00, Open: 159.180000, High: 159.280000, Low: 158.970000, Close: 159.150000, Volume: 2556, Average: 159.128000, BarCount: 1027, 1471692983136: Date: 2025-07-17 14:15:00, Open: 159.140000, High: 159.310000, Low: 159.080000, Close: 159.300000, Volume: 1751, Average: 159.189000, BarCount: 865, 1471692983232: Date: 2025-07-17 14:20:00, Open: 159.310000, High: 159.350000, Low: 159.080000, Close: 159.220000, Volume: 1199, Average: 159.195000, BarCount: 645, 1471692983328: Date: 2025-07-17 14:25:00, Open: 159.220000, High: 159.270000, Low: 159.010000, Close: 159.140000, Volume: 1812, Average: 159.160000, BarCount: 922, 1471692983424: Date: 2025-07-17 14:30:00, Open: 159.150000, High: 159.310000, Low: 158.870000, Close: 158.910000, Volume: 2449, Average: 159.113000, BarCount: 1191, 1471691797712: Date: 2025-07-17 14:35:00, Open: 158.890000, High: 158.970000, Low: 158.690000, Close: 158.710000, Volume: 1850, Average: 158.821552, BarCount: 737]
2025-07-17 14:37:07,087 - INFO - 31732 - 

*********************************** <<<<Stock = AMD >>>>> NO CONDITION MEET. Return FALSE                     candle_1_close = 159.15 and candle_1_high = 159.28 candle_1_vol = 2556 and candle_0_vol = 2362                     4th Candle close is = 159.22, 3rd Candle Close is =159.3, Current Open is = 159.32, Current Close is = 159.17, Previous OPEN is = 159.18.                     ********************************** STOCK CHECK END ********************************************


2025-07-17 14:37:07,088 - INFO - 31732 - 
 dataEngulf = (False, 'None', 'AMD', 'notrade')

2025-07-17 14:37:07,336 - INFO - 31732 - Checking BEARISH OR BULLISH Engulf Data for stock = NVDA
2025-07-17 14:37:07,338 - INFO - 93584 - Checking BEARISH OR BULLISH Engulf Data for stock = MSFT
2025-07-17 14:37:07,340 - INFO - 31732 - Last 7 candles data 1st is = [1471693199248: Date: 2025-07-17 14:05:00, Open: 173.280000, High: 173.290000, Low: 173.180000, Close: 173.280000, Volume: 6863, Average: 173.245000, BarCount: 3231, 1471693199344: Date: 2025-07-17 14:10:00, Open: 173.280000, High: 173.350000, Low: 173.190000, Close: 173.280000, Volume: 8580, Average: 173.264000, BarCount: 3618, 1471693199440: Date: 2025-07-17 14:15:00, Open: 173.270000, High: 173.350000, Low: 173.090000, Close: 173.340000, Volume: 9907, Average: 173.221000, BarCount: 4472, 1471693199536: Date: 2025-07-17 14:20:00, Open: 173.340000, High: 173.410000, Low: 173.140000, Close: 173.390000, Volume: 8972, Average: 173.291000, BarCount: 3526, 1471693199632: Date: 2025-07-17 14:25:00, Open: 173.390000, High: 173.420000, Low: 173.180000, Close: 173.300000, Volume: 6976, Average: 173.283000, BarCount: 2865, 1471693199728: Date: 2025-07-17 14:30:00, Open: 173.290000, High: 173.440000, Low: 173.260000, Close: 173.390000, Volume: 8300, Average: 173.365000, BarCount: 3664, 1471692198960: Date: 2025-07-17 14:35:00, Open: 173.390000, High: 173.490000, Low: 173.330000, Close: 173.340000, Volume: 3965, Average: 173.405946, BarCount: 1595]
2025-07-17 14:37:07,341 - INFO - 93584 - Last 7 candles data 1st is = [1471693082496: Date: 2025-07-17 14:05:00, Open: 512.610000, High: 512.610000, Low: 511.880000, Close: 512.180000, Volume: 581, Average: 512.310000, BarCount: 395, 1471693082592: Date: 2025-07-17 14:10:00, Open: 512.200000, High: 512.440000, Low: 511.900000, Close: 512.080000, Volume: 522, Average: 512.067000, BarCount: 320, 1471693082688: Date: 2025-07-17 14:15:00, Open: 512.100000, High: 512.330000, Low: 511.990000, Close: 512.250000, Volume: 486, Average: 512.118000, BarCount: 383, 1471693082784: Date: 2025-07-17 14:20:00, Open: 512.250000, High: 512.290000, Low: 511.970000, Close: 512.250000, Volume: 689, Average: 512.082000, BarCount: 365, 1471693082880: Date: 2025-07-17 14:25:00, Open: 512.260000, High: 512.390000, Low: 512.130000, Close: 512.140000, Volume: 520, Average: 512.271000, BarCount: 384, 1471693082976: Date: 2025-07-17 14:30:00, Open: 512.130000, High: 512.200000, Low: 511.760000, Close: 511.920000, Volume: 454, Average: 511.941000, BarCount: 333, 1471692079328: Date: 2025-07-17 14:35:00, Open: 511.930000, High: 512.030000, Low: 511.860000, Close: 511.900000, Volume: 206, Average: 511.940422, BarCount: 135]
2025-07-17 14:37:07,343 - INFO - 31732 - 

*********************************** <<<<Stock = NVDA >>>>> NO CONDITION MEET. Return FALSE                     candle_1_close = 173.28 and candle_1_high = 173.35 candle_1_vol = 8580 and candle_0_vol = 6863                     4th Candle close is = 173.39, 3rd Candle Close is =173.34, Current Open is = 173.28, Current Close is = 173.28, Previous OPEN is = 173.28.                     ********************************** STOCK CHECK END ********************************************


2025-07-17 14:37:07,345 - INFO - 93584 - 

*********************************** <<<<Stock = MSFT >>>>> NO CONDITION MEET. Return FALSE                     candle_1_close = 512.08 and candle_1_high = 512.44 candle_1_vol = 522 and candle_0_vol = 581                     4th Candle close is = 512.25, 3rd Candle Close is =512.25, Current Open is = 512.61, Current Close is = 512.18, Previous OPEN is = 512.2.                     ********************************** STOCK CHECK END ********************************************


2025-07-17 14:37:07,346 - INFO - 31732 - 
 dataEngulf = (False, 'None', 'NVDA', 'notrade')

2025-07-17 14:37:07,349 - INFO - 93584 - 
 dataEngulf = (False, 'None', 'MSFT', 'notrade')

2025-07-17 14:37:07,579 - INFO - 17072 - Checking BEARISH OR BULLISH Engulf Data for stock = AMD
2025-07-17 14:37:07,580 - INFO - 60048 - Checking BEARISH OR BULLISH Engulf Data for stock = MSFT
2025-07-17 14:37:07,581 - INFO - 17072 - Last 7 candles data 1st is = [1471692982944: Date: 2025-07-17 14:05:00, Open: 159.320000, High: 159.380000, Low: 159.000000, Close: 159.170000, Volume: 2362, Average: 159.162000, BarCount: 1196, 1471692983040: Date: 2025-07-17 14:10:00, Open: 159.180000, High: 159.280000, Low: 158.970000, Close: 159.150000, Volume: 2556, Average: 159.128000, BarCount: 1027, 1471692983136: Date: 2025-07-17 14:15:00, Open: 159.140000, High: 159.310000, Low: 159.080000, Close: 159.300000, Volume: 1751, Average: 159.189000, BarCount: 865, 1471692983232: Date: 2025-07-17 14:20:00, Open: 159.310000, High: 159.350000, Low: 159.080000, Close: 159.220000, Volume: 1199, Average: 159.195000, BarCount: 645, 1471692983328: Date: 2025-07-17 14:25:00, Open: 159.220000, High: 159.270000, Low: 159.010000, Close: 159.140000, Volume: 1812, Average: 159.160000, BarCount: 922, 1471692983424: Date: 2025-07-17 14:30:00, Open: 159.150000, High: 159.310000, Low: 158.870000, Close: 158.910000, Volume: 2449, Average: 159.113000, BarCount: 1191, 1471691797712: Date: 2025-07-17 14:35:00, Open: 158.890000, High: 158.970000, Low: 158.690000, Close: 158.710000, Volume: 1850, Average: 158.821552, BarCount: 737]
2025-07-17 14:37:07,584 - INFO - 60048 - Last 7 candles data 1st is = [1471693082496: Date: 2025-07-17 14:05:00, Open: 512.610000, High: 512.610000, Low: 511.880000, Close: 512.180000, Volume: 581, Average: 512.310000, BarCount: 395, 1471693082592: Date: 2025-07-17 14:10:00, Open: 512.200000, High: 512.440000, Low: 511.900000, Close: 512.080000, Volume: 522, Average: 512.067000, BarCount: 320, 1471693082688: Date: 2025-07-17 14:15:00, Open: 512.100000, High: 512.330000, Low: 511.990000, Close: 512.250000, Volume: 486, Average: 512.118000, BarCount: 383, 1471693082784: Date: 2025-07-17 14:20:00, Open: 512.250000, High: 512.290000, Low: 511.970000, Close: 512.250000, Volume: 689, Average: 512.082000, BarCount: 365, 1471693082880: Date: 2025-07-17 14:25:00, Open: 512.260000, High: 512.390000, Low: 512.130000, Close: 512.140000, Volume: 520, Average: 512.271000, BarCount: 384, 1471693082976: Date: 2025-07-17 14:30:00, Open: 512.130000, High: 512.200000, Low: 511.760000, Close: 511.920000, Volume: 454, Average: 511.941000, BarCount: 333, 1471692079328: Date: 2025-07-17 14:35:00, Open: 511.930000, High: 512.030000, Low: 511.860000, Close: 511.900000, Volume: 206, Average: 511.940422, BarCount: 135]
2025-07-17 14:37:07,587 - INFO - 17072 - 

*********************************** <<<<Stock = AMD >>>>> NO CONDITION MEET. Return FALSE                     candle_1_close = 159.15 and candle_1_high = 159.28 candle_1_vol = 2556 and candle_0_vol = 2362                     4th Candle close is = 159.22, 3rd Candle Close is =159.3, Current Open is = 159.32, Current Close is = 159.17, Previous OPEN is = 159.18.                     ********************************** STOCK CHECK END ********************************************


2025-07-17 14:37:07,589 - INFO - 60048 - 

*********************************** <<<<Stock = MSFT >>>>> NO CONDITION MEET. Return FALSE                     candle_1_close = 512.08 and candle_1_high = 512.44 candle_1_vol = 522 and candle_0_vol = 581                     4th Candle close is = 512.25, 3rd Candle Close is =512.25, Current Open is = 512.61, Current Close is = 512.18, Previous OPEN is = 512.2.                     ********************************** STOCK CHECK END ********************************************


2025-07-17 14:37:07,591 - INFO - 17072 - 
 dataEngulf = (False, 'None', 'AMD', 'notrade')

2025-07-17 14:37:07,596 - INFO - 60048 - 
 dataEngulf = (False, 'None', 'MSFT', 'notrade')

2025-07-17 14:37:07,766 - INFO - 93584 - Checking BEARISH OR BULLISH Engulf Data for stock = NVDA
2025-07-17 14:37:07,769 - INFO - 93584 - Last 7 candles data 1st is = [1471693199248: Date: 2025-07-17 14:05:00, Open: 173.280000, High: 173.290000, Low: 173.180000, Close: 173.280000, Volume: 6863, Average: 173.245000, BarCount: 3231, 1471693199344: Date: 2025-07-17 14:10:00, Open: 173.280000, High: 173.350000, Low: 173.190000, Close: 173.280000, Volume: 8580, Average: 173.264000, BarCount: 3618, 1471693199440: Date: 2025-07-17 14:15:00, Open: 173.270000, High: 173.350000, Low: 173.090000, Close: 173.340000, Volume: 9907, Average: 173.221000, BarCount: 4472, 1471693199536: Date: 2025-07-17 14:20:00, Open: 173.340000, High: 173.410000, Low: 173.140000, Close: 173.390000, Volume: 8972, Average: 173.291000, BarCount: 3526, 1471693199632: Date: 2025-07-17 14:25:00, Open: 173.390000, High: 173.420000, Low: 173.180000, Close: 173.300000, Volume: 6976, Average: 173.283000, BarCount: 2865, 1471693199728: Date: 2025-07-17 14:30:00, Open: 173.290000, High: 173.440000, Low: 173.260000, Close: 173.390000, Volume: 8300, Average: 173.365000, BarCount: 3664, 1471692198960: Date: 2025-07-17 14:35:00, Open: 173.390000, High: 173.490000, Low: 173.330000, Close: 173.340000, Volume: 3965, Average: 173.405946, BarCount: 1595]
2025-07-17 14:37:07,775 - INFO - 93584 - 

*********************************** <<<<Stock = NVDA >>>>> NO CONDITION MEET. Return FALSE                     candle_1_close = 173.28 and candle_1_high = 173.35 candle_1_vol = 8580 and candle_0_vol = 6863                     4th Candle close is = 173.39, 3rd Candle Close is =173.34, Current Open is = 173.28, Current Close is = 173.28, Previous OPEN is = 173.28.                     ********************************** STOCK CHECK END ********************************************


2025-07-17 14:37:07,778 - INFO - 93584 - 
 dataEngulf = (False, 'None', 'NVDA', 'notrade')

2025-07-17 14:37:08,197 - INFO - 31732 - Checking BEARISH OR BULLISH Engulf Data for stock = TSLA
2025-07-17 14:37:08,199 - INFO - 93584 - Checking BEARISH OR BULLISH Engulf Data for stock = NFLX
2025-07-17 14:37:08,200 - INFO - 31732 - Last 7 candles data 1st is = [1471692855616: Date: 2025-07-17 14:05:00, Open: 319.540000, High: 319.590000, Low: 318.330000, Close: 318.670000, Volume: 5790, Average: 318.791000, BarCount: 2480, 1471692855712: Date: 2025-07-17 14:10:00, Open: 318.670000, High: 318.820000, Low: 318.210000, Close: 318.400000, Volume: 3823, Average: 318.542000, BarCount: 1656, 1471692855808: Date: 2025-07-17 14:15:00, Open: 318.410000, High: 319.320000, Low: 318.320000, Close: 319.300000, Volume: 3662, Average: 318.798000, BarCount: 1498, 1471692855904: Date: 2025-07-17 14:20:00, Open: 319.300000, High: 319.360000, Low: 318.650000, Close: 319.060000, Volume: 3417, Average: 319.037000, BarCount: 1568, 1471692856000: Date: 2025-07-17 14:25:00, Open: 319.000000, High: 319.100000, Low: 318.550000, Close: 319.010000, Volume: 3323, Average: 318.866000, BarCount: 1399, 1471692856096: Date: 2025-07-17 14:30:00, Open: 319.030000, High: 319.750000, Low: 318.920000, Close: 319.530000, Volume: 4697, Average: 319.414000, BarCount: 1850, 1471691799440: Date: 2025-07-17 14:35:00, Open: 319.540000, High: 319.580000, Low: 319.200000, Close: 319.440000, Volume: 1276, Average: 319.370014, BarCount: 572]
2025-07-17 14:37:08,202 - INFO - 93584 - Last 7 candles data 1st is = [1471693416080: Date: 2025-07-17 14:05:00, Open: 1268.900000, High: 1272.490000, Low: 1268.700000, Close: 1271.070000, Volume: 353, Average: 1271.364000, BarCount: 135, 1471693416176: Date: 2025-07-17 14:10:00, Open: 1270.960000, High: 1272.010000, Low: 1269.810000, Close: 1270.880000, Volume: 257, Average: 1270.882000, BarCount: 170, 1471693416272: Date: 2025-07-17 14:15:00, Open: 1270.190000, High: 1272.000000, Low: 1269.620000, Close: 1270.740000, Volume: 383, Average: 1270.547000, BarCount: 160, 1471693416368: Date: 2025-07-17 14:20:00, Open: 1270.750000, High: 1272.000000, Low: 1269.800000, Close: 1270.760000, Volume: 220, Average: 1270.812000, BarCount: 161, 1471693416464: Date: 2025-07-17 14:25:00, Open: 1271.140000, High: 1271.340000, Low: 1270.200000, Close: 1270.770000, Volume: 145, Average: 1270.664000, BarCount: 105, 1471693416560: Date: 2025-07-17 14:30:00, Open: 1271.040000, High: 1272.000000, Low: 1269.680000, Close: 1270.770000, Volume: 199, Average: 1270.897000, BarCount: 138, 1471692197472: Date: 2025-07-17 14:35:00, Open: 1270.750000, High: 1272.400000, Low: 1270.530000, Close: 1271.420000, Volume: 75, Average: 1271.680154, BarCount: 61]
2025-07-17 14:37:08,204 - INFO - 31732 - 

*********************************** <<<<Stock = TSLA >>>>> NO CONDITION MEET. Return FALSE                     candle_1_close = 318.4 and candle_1_high = 318.82 candle_1_vol = 3823 and candle_0_vol = 5790                     4th Candle close is = 319.06, 3rd Candle Close is =319.3, Current Open is = 319.54, Current Close is = 318.67, Previous OPEN is = 318.67.                     ********************************** STOCK CHECK END ********************************************


2025-07-17 14:37:08,207 - INFO - 93584 - 

*********************************** <<<<Stock = NFLX >>>>> NO CONDITION MEET. Return FALSE                     candle_1_close = 1270.88 and candle_1_high = 1272.01 candle_1_vol = 257 and candle_0_vol = 353                     4th Candle close is = 1270.76, 3rd Candle Close is =1270.74, Current Open is = 1268.9, Current Close is = 1271.07, Previous OPEN is = 1270.96.                     ********************************** STOCK CHECK END ********************************************


2025-07-17 14:37:08,212 - INFO - 31732 - 
 dataEngulf = (False, 'None', 'TSLA', 'notrade')

2025-07-17 14:37:08,215 - INFO - 93584 - 
 dataEngulf = (False, 'None', 'NFLX', 'notrade')

2025-07-17 14:37:08,696 - INFO - 31732 - Checking BEARISH OR BULLISH Engulf Data for stock = AMD
2025-07-17 14:37:08,698 - INFO - 31732 - Last 7 candles data 1st is = [1471692982944: Date: 2025-07-17 14:05:00, Open: 159.320000, High: 159.380000, Low: 159.000000, Close: 159.170000, Volume: 2362, Average: 159.162000, BarCount: 1196, 1471692983040: Date: 2025-07-17 14:10:00, Open: 159.180000, High: 159.280000, Low: 158.970000, Close: 159.150000, Volume: 2556, Average: 159.128000, BarCount: 1027, 1471692983136: Date: 2025-07-17 14:15:00, Open: 159.140000, High: 159.310000, Low: 159.080000, Close: 159.300000, Volume: 1751, Average: 159.189000, BarCount: 865, 1471692983232: Date: 2025-07-17 14:20:00, Open: 159.310000, High: 159.350000, Low: 159.080000, Close: 159.220000, Volume: 1199, Average: 159.195000, BarCount: 645, 1471692983328: Date: 2025-07-17 14:25:00, Open: 159.220000, High: 159.270000, Low: 159.010000, Close: 159.140000, Volume: 1812, Average: 159.160000, BarCount: 922, 1471692983424: Date: 2025-07-17 14:30:00, Open: 159.150000, High: 159.310000, Low: 158.870000, Close: 158.910000, Volume: 2449, Average: 159.113000, BarCount: 1191, 1471691797712: Date: 2025-07-17 14:35:00, Open: 158.890000, High: 158.970000, Low: 158.690000, Close: 158.710000, Volume: 1850, Average: 158.821552, BarCount: 737]
2025-07-17 14:37:08,701 - INFO - 31732 - 

*********************************** <<<<Stock = AMD >>>>> NO CONDITION MEET. Return FALSE                     candle_1_close = 159.15 and candle_1_high = 159.28 candle_1_vol = 2556 and candle_0_vol = 2362                     4th Candle close is = 159.22, 3rd Candle Close is =159.3, Current Open is = 159.32, Current Close is = 159.17, Previous OPEN is = 159.18.                     ********************************** STOCK CHECK END ********************************************


2025-07-17 14:37:08,703 - INFO - 31732 - 
 dataEngulf = (False, 'None', 'AMD', 'notrade')

2025-07-17 14:37:09,198 - INFO - 60048 - Checking BEARISH OR BULLISH Engulf Data for stock = TSLA
2025-07-17 14:37:09,200 - INFO - 60048 - Last 7 candles data 1st is = [1471692855616: Date: 2025-07-17 14:05:00, Open: 319.540000, High: 319.590000, Low: 318.330000, Close: 318.670000, Volume: 5790, Average: 318.791000, BarCount: 2480, 1471692855712: Date: 2025-07-17 14:10:00, Open: 318.670000, High: 318.820000, Low: 318.210000, Close: 318.400000, Volume: 3823, Average: 318.542000, BarCount: 1656, 1471692855808: Date: 2025-07-17 14:15:00, Open: 318.410000, High: 319.320000, Low: 318.320000, Close: 319.300000, Volume: 3662, Average: 318.798000, BarCount: 1498, 1471692855904: Date: 2025-07-17 14:20:00, Open: 319.300000, High: 319.360000, Low: 318.650000, Close: 319.060000, Volume: 3417, Average: 319.037000, BarCount: 1568, 1471692856000: Date: 2025-07-17 14:25:00, Open: 319.000000, High: 319.100000, Low: 318.550000, Close: 319.010000, Volume: 3323, Average: 318.866000, BarCount: 1399, 1471692856096: Date: 2025-07-17 14:30:00, Open: 319.030000, High: 319.750000, Low: 318.920000, Close: 319.530000, Volume: 4697, Average: 319.414000, BarCount: 1850, 1471691799440: Date: 2025-07-17 14:35:00, Open: 319.540000, High: 319.580000, Low: 319.200000, Close: 319.440000, Volume: 1276, Average: 319.370014, BarCount: 572]
2025-07-17 14:37:09,204 - INFO - 60048 - 

*********************************** <<<<Stock = TSLA >>>>> NO CONDITION MEET. Return FALSE                     candle_1_close = 318.4 and candle_1_high = 318.82 candle_1_vol = 3823 and candle_0_vol = 5790                     4th Candle close is = 319.06, 3rd Candle Close is =319.3, Current Open is = 319.54, Current Close is = 318.67, Previous OPEN is = 318.67.                     ********************************** STOCK CHECK END ********************************************


2025-07-17 14:37:09,205 - INFO - 60048 - 
 dataEngulf = (False, 'None', 'TSLA', 'notrade')

2025-07-17 14:37:09,384 - INFO - 60048 - Checking BEARISH OR BULLISH Engulf Data for stock = TSLA
2025-07-17 14:37:09,385 - INFO - 17072 - Checking BEARISH OR BULLISH Engulf Data for stock = NFLX
2025-07-17 14:37:09,385 - INFO - 60048 - Last 7 candles data 1st is = [1471692855616: Date: 2025-07-17 14:05:00, Open: 319.540000, High: 319.590000, Low: 318.330000, Close: 318.670000, Volume: 5790, Average: 318.791000, BarCount: 2480, 1471692855712: Date: 2025-07-17 14:10:00, Open: 318.670000, High: 318.820000, Low: 318.210000, Close: 318.400000, Volume: 3823, Average: 318.542000, BarCount: 1656, 1471692855808: Date: 2025-07-17 14:15:00, Open: 318.410000, High: 319.320000, Low: 318.320000, Close: 319.300000, Volume: 3662, Average: 318.798000, BarCount: 1498, 1471692855904: Date: 2025-07-17 14:20:00, Open: 319.300000, High: 319.360000, Low: 318.650000, Close: 319.060000, Volume: 3417, Average: 319.037000, BarCount: 1568, 1471692856000: Date: 2025-07-17 14:25:00, Open: 319.000000, High: 319.100000, Low: 318.550000, Close: 319.010000, Volume: 3323, Average: 318.866000, BarCount: 1399, 1471692856096: Date: 2025-07-17 14:30:00, Open: 319.030000, High: 319.750000, Low: 318.920000, Close: 319.530000, Volume: 4697, Average: 319.414000, BarCount: 1850, 1471691799440: Date: 2025-07-17 14:35:00, Open: 319.540000, High: 319.580000, Low: 319.200000, Close: 319.440000, Volume: 1276, Average: 319.370014, BarCount: 572]
2025-07-17 14:37:09,387 - INFO - 17072 - Last 7 candles data 1st is = [1471693416080: Date: 2025-07-17 14:05:00, Open: 1268.900000, High: 1272.490000, Low: 1268.700000, Close: 1271.070000, Volume: 353, Average: 1271.364000, BarCount: 135, 1471693416176: Date: 2025-07-17 14:10:00, Open: 1270.960000, High: 1272.010000, Low: 1269.810000, Close: 1270.880000, Volume: 257, Average: 1270.882000, BarCount: 170, 1471693416272: Date: 2025-07-17 14:15:00, Open: 1270.190000, High: 1272.000000, Low: 1269.620000, Close: 1270.740000, Volume: 383, Average: 1270.547000, BarCount: 160, 1471693416368: Date: 2025-07-17 14:20:00, Open: 1270.750000, High: 1272.000000, Low: 1269.800000, Close: 1270.760000, Volume: 220, Average: 1270.812000, BarCount: 161, 1471693416464: Date: 2025-07-17 14:25:00, Open: 1271.140000, High: 1271.340000, Low: 1270.200000, Close: 1270.770000, Volume: 145, Average: 1270.664000, BarCount: 105, 1471693416560: Date: 2025-07-17 14:30:00, Open: 1271.040000, High: 1272.000000, Low: 1269.680000, Close: 1270.770000, Volume: 199, Average: 1270.897000, BarCount: 138, 1471692197472: Date: 2025-07-17 14:35:00, Open: 1270.750000, High: 1272.400000, Low: 1270.530000, Close: 1271.420000, Volume: 75, Average: 1271.680154, BarCount: 61]
2025-07-17 14:37:09,388 - INFO - 60048 - 

*********************************** <<<<Stock = TSLA >>>>> NO CONDITION MEET. Return FALSE                     candle_1_close = 318.4 and candle_1_high = 318.82 candle_1_vol = 3823 and candle_0_vol = 5790                     4th Candle close is = 319.06, 3rd Candle Close is =319.3, Current Open is = 319.54, Current Close is = 318.67, Previous OPEN is = 318.67.                     ********************************** STOCK CHECK END ********************************************


2025-07-17 14:37:09,390 - INFO - 17072 - 

*********************************** <<<<Stock = NFLX >>>>> NO CONDITION MEET. Return FALSE                     candle_1_close = 1270.88 and candle_1_high = 1272.01 candle_1_vol = 257 and candle_0_vol = 353                     4th Candle close is = 1270.76, 3rd Candle Close is =1270.74, Current Open is = 1268.9, Current Close is = 1271.07, Previous OPEN is = 1270.96.                     ********************************** STOCK CHECK END ********************************************


2025-07-17 14:37:09,391 - INFO - 60048 - 
 dataEngulf = (False, 'None', 'TSLA', 'notrade')

2025-07-17 14:37:09,391 - INFO - 17072 - 
 dataEngulf = (False, 'None', 'NFLX', 'notrade')

2025-07-17 14:37:09,701 - INFO - 93584 - Checking BEARISH OR BULLISH Engulf Data for stock = TSLA
2025-07-17 14:37:09,705 - INFO - 60048 - Checking BEARISH OR BULLISH Engulf Data for stock = QQQ
2025-07-17 14:37:09,706 - INFO - 93584 - Last 7 candles data 1st is = [1471692855616: Date: 2025-07-17 14:05:00, Open: 319.540000, High: 319.590000, Low: 318.330000, Close: 318.670000, Volume: 5790, Average: 318.791000, BarCount: 2480, 1471692855712: Date: 2025-07-17 14:10:00, Open: 318.670000, High: 318.820000, Low: 318.210000, Close: 318.400000, Volume: 3823, Average: 318.542000, BarCount: 1656, 1471692855808: Date: 2025-07-17 14:15:00, Open: 318.410000, High: 319.320000, Low: 318.320000, Close: 319.300000, Volume: 3662, Average: 318.798000, BarCount: 1498, 1471692855904: Date: 2025-07-17 14:20:00, Open: 319.300000, High: 319.360000, Low: 318.650000, Close: 319.060000, Volume: 3417, Average: 319.037000, BarCount: 1568, 1471692856000: Date: 2025-07-17 14:25:00, Open: 319.000000, High: 319.100000, Low: 318.550000, Close: 319.010000, Volume: 3323, Average: 318.866000, BarCount: 1399, 1471692856096: Date: 2025-07-17 14:30:00, Open: 319.030000, High: 319.750000, Low: 318.920000, Close: 319.530000, Volume: 4697, Average: 319.414000, BarCount: 1850, 1471691799440: Date: 2025-07-17 14:35:00, Open: 319.540000, High: 319.580000, Low: 319.200000, Close: 319.440000, Volume: 1276, Average: 319.370014, BarCount: 572]
2025-07-17 14:37:09,707 - INFO - 60048 - Last 7 candles data 1st is = [1471692743328: Date: 2025-07-17 14:05:00, Open: 561.920000, High: 561.920000, Low: 561.620000, Close: 561.650000, Volume: 2567, Average: 561.724000, BarCount: 1285, 1471692743424: Date: 2025-07-17 14:10:00, Open: 561.650000, High: 561.700000, Low: 561.400000, Close: 561.420000, Volume: 2541, Average: 561.492000, BarCount: 1312, 1471692743520: Date: 2025-07-17 14:15:00, Open: 561.420000, High: 561.720000, Low: 561.300000, Close: 561.680000, Volume: 3336, Average: 561.509000, BarCount: 1827, 1471692743616: Date: 2025-07-17 14:20:00, Open: 561.680000, High: 561.800000, Low: 561.520000, Close: 561.770000, Volume: 2571, Average: 561.615000, BarCount: 1541, 1471692743712: Date: 2025-07-17 14:25:00, Open: 561.770000, High: 561.830000, Low: 561.580000, Close: 561.750000, Volume: 2195, Average: 561.695000, BarCount: 1375, 1471692743808: Date: 2025-07-17 14:30:00, Open: 561.750000, High: 561.830000, Low: 561.540000, Close: 561.680000, Volume: 2652, Average: 561.713000, BarCount: 1484, 1471692859456: Date: 2025-07-17 14:35:00, Open: 561.680000, High: 561.680000, Low: 561.520000, Close: 561.550000, Volume: 1292, Average: 561.600807, BarCount: 610]
2025-07-17 14:37:09,708 - INFO - 31732 - Checking BEARISH OR BULLISH Engulf Data for stock = SPY
2025-07-17 14:37:09,709 - INFO - 17072 - Checking BEARISH OR BULLISH Engulf Data for stock = AMZN
2025-07-17 14:37:09,710 - INFO - 93584 - 

*********************************** <<<<Stock = TSLA >>>>> NO CONDITION MEET. Return FALSE                     candle_1_close = 318.4 and candle_1_high = 318.82 candle_1_vol = 3823 and candle_0_vol = 5790                     4th Candle close is = 319.06, 3rd Candle Close is =319.3, Current Open is = 319.54, Current Close is = 318.67, Previous OPEN is = 318.67.                     ********************************** STOCK CHECK END ********************************************


2025-07-17 14:37:09,715 - INFO - 60048 - 

*********************************** <<<<Stock = QQQ >>>>> NO CONDITION MEET. Return FALSE                     candle_1_close = 561.42 and candle_1_high = 561.7 candle_1_vol = 2541 and candle_0_vol = 2567                     4th Candle close is = 561.77, 3rd Candle Close is =561.68, Current Open is = 561.92, Current Close is = 561.65, Previous OPEN is = 561.65.                     ********************************** STOCK CHECK END ********************************************


2025-07-17 14:37:09,724 - INFO - 60048 - 
 dataEngulf = (False, 'None', 'QQQ', 'notrade')

2025-07-17 14:37:09,726 - INFO - 17072 - Last 7 candles data 1st is = [1471692597072: Date: 2025-07-17 14:05:00, Open: 223.850000, High: 223.990000, Low: 223.790000, Close: 223.900000, Volume: 1482, Average: 223.879000, BarCount: 914, 1471692597168: Date: 2025-07-17 14:10:00, Open: 223.890000, High: 223.910000, Low: 223.670000, Close: 223.700000, Volume: 1549, Average: 223.743000, BarCount: 905, 1471692597264: Date: 2025-07-17 14:15:00, Open: 223.690000, High: 223.820000, Low: 223.630000, Close: 223.770000, Volume: 1636, Average: 223.728000, BarCount: 913, 1471692597360: Date: 2025-07-17 14:20:00, Open: 223.760000, High: 223.860000, Low: 223.680000, Close: 223.850000, Volume: 1317, Average: 223.754000, BarCount: 704, 1471692597456: Date: 2025-07-17 14:25:00, Open: 223.830000, High: 223.970000, Low: 223.790000, Close: 223.940000, Volume: 1259, Average: 223.886000, BarCount: 838, 1471692597552: Date: 2025-07-17 14:30:00, Open: 223.940000, High: 223.970000, Low: 223.850000, Close: 223.880000, Volume: 1693, Average: 223.910000, BarCount: 1046, 1471692859168: Date: 2025-07-17 14:35:00, Open: 223.880000, High: 223.880000, Low: 223.760000, Close: 223.760000, Volume: 569, Average: 223.799427, BarCount: 393]
2025-07-17 14:37:09,728 - INFO - 93584 - 
 dataEngulf = (False, 'None', 'TSLA', 'notrade')

2025-07-17 14:37:09,734 - INFO - 31732 - Last 7 candles data 1st is = [1471692455856: Date: 2025-07-17 14:05:00, Open: 627.440000, High: 627.450000, Low: 627.280000, Close: 627.370000, Volume: 3575, Average: 627.374000, BarCount: 2304, 1471692444432: Date: 2025-07-17 14:10:00, Open: 627.380000, High: 627.420000, Low: 627.140000, Close: 627.160000, Volume: 4250, Average: 627.273000, BarCount: 2843, 1471692444384: Date: 2025-07-17 14:15:00, Open: 627.160000, High: 627.510000, Low: 627.140000, Close: 627.480000, Volume: 3248, Average: 627.324000, BarCount: 2110, 1471692521744: Date: 2025-07-17 14:20:00, Open: 627.480000, High: 627.790000, Low: 627.430000, Close: 627.780000, Volume: 4185, Average: 627.567000, BarCount: 2775, 1471692521840: Date: 2025-07-17 14:25:00, Open: 627.770000, High: 627.880000, Low: 627.670000, Close: 627.830000, Volume: 5988, Average: 627.771000, BarCount: 3243, 1471692521936: Date: 2025-07-17 14:30:00, Open: 627.840000, High: 627.910000, Low: 627.670000, Close: 627.790000, Volume: 4795, Average: 627.803000, BarCount: 2802, 1471692198672: Date: 2025-07-17 14:35:00, Open: 627.780000, High: 627.810000, Low: 627.640000, Close: 627.680000, Volume: 2811, Average: 627.701785, BarCount: 1393]
2025-07-17 14:37:09,768 - INFO - 17072 - 

*********************************** <<<<Stock = AMZN >>>>> NO CONDITION MEET. Return FALSE                     candle_1_close = 223.7 and candle_1_high = 223.91 candle_1_vol = 1549 and candle_0_vol = 1482                     4th Candle close is = 223.85, 3rd Candle Close is =223.77, Current Open is = 223.85, Current Close is = 223.9, Previous OPEN is = 223.89.                     ********************************** STOCK CHECK END ********************************************


2025-07-17 14:37:09,794 - INFO - 31732 - 

*********************************** <<<<Stock = SPY >>>>> NO CONDITION MEET. Return FALSE                     candle_1_close = 627.16 and candle_1_high = 627.42 candle_1_vol = 4250 and candle_0_vol = 3575                     4th Candle close is = 627.78, 3rd Candle Close is =627.48, Current Open is = 627.44, Current Close is = 627.37, Previous OPEN is = 627.38.                     ********************************** STOCK CHECK END ********************************************


2025-07-17 14:37:09,799 - INFO - 17072 - 
 dataEngulf = (False, 'None', 'AMZN', 'notrade')

2025-07-17 14:37:09,801 - INFO - 31732 - 
 dataEngulf = (False, 'None', 'SPY', 'notrade')

2025-07-17 14:37:09,948 - INFO - 17072 - Checking BEARISH OR BULLISH Engulf Data for stock = AMD
2025-07-17 14:37:09,950 - INFO - 93584 - Checking BEARISH OR BULLISH Engulf Data for stock = TSLA
2025-07-17 14:37:09,950 - INFO - 17072 - Last 7 candles data 1st is = [1471692982944: Date: 2025-07-17 14:05:00, Open: 159.320000, High: 159.380000, Low: 159.000000, Close: 159.170000, Volume: 2362, Average: 159.162000, BarCount: 1196, 1471692983040: Date: 2025-07-17 14:10:00, Open: 159.180000, High: 159.280000, Low: 158.970000, Close: 159.150000, Volume: 2556, Average: 159.128000, BarCount: 1027, 1471692983136: Date: 2025-07-17 14:15:00, Open: 159.140000, High: 159.310000, Low: 159.080000, Close: 159.300000, Volume: 1751, Average: 159.189000, BarCount: 865, 1471692983232: Date: 2025-07-17 14:20:00, Open: 159.310000, High: 159.350000, Low: 159.080000, Close: 159.220000, Volume: 1199, Average: 159.195000, BarCount: 645, 1471692983328: Date: 2025-07-17 14:25:00, Open: 159.220000, High: 159.270000, Low: 159.010000, Close: 159.140000, Volume: 1812, Average: 159.160000, BarCount: 922, 1471692983424: Date: 2025-07-17 14:30:00, Open: 159.150000, High: 159.310000, Low: 158.870000, Close: 158.910000, Volume: 2449, Average: 159.113000, BarCount: 1191, 1471691797712: Date: 2025-07-17 14:35:00, Open: 158.890000, High: 158.970000, Low: 158.690000, Close: 158.710000, Volume: 1850, Average: 158.821552, BarCount: 737]
2025-07-17 14:37:09,954 - INFO - 93584 - Last 7 candles data 1st is = [1471692855616: Date: 2025-07-17 14:05:00, Open: 319.540000, High: 319.590000, Low: 318.330000, Close: 318.670000, Volume: 5790, Average: 318.791000, BarCount: 2480, 1471692855712: Date: 2025-07-17 14:10:00, Open: 318.670000, High: 318.820000, Low: 318.210000, Close: 318.400000, Volume: 3823, Average: 318.542000, BarCount: 1656, 1471692855808: Date: 2025-07-17 14:15:00, Open: 318.410000, High: 319.320000, Low: 318.320000, Close: 319.300000, Volume: 3662, Average: 318.798000, BarCount: 1498, 1471692855904: Date: 2025-07-17 14:20:00, Open: 319.300000, High: 319.360000, Low: 318.650000, Close: 319.060000, Volume: 3417, Average: 319.037000, BarCount: 1568, 1471692856000: Date: 2025-07-17 14:25:00, Open: 319.000000, High: 319.100000, Low: 318.550000, Close: 319.010000, Volume: 3323, Average: 318.866000, BarCount: 1399, 1471692856096: Date: 2025-07-17 14:30:00, Open: 319.030000, High: 319.750000, Low: 318.920000, Close: 319.530000, Volume: 4697, Average: 319.414000, BarCount: 1850, 1471691799440: Date: 2025-07-17 14:35:00, Open: 319.540000, High: 319.580000, Low: 319.200000, Close: 319.440000, Volume: 1276, Average: 319.370014, BarCount: 572]
2025-07-17 14:37:09,961 - INFO - 17072 - 

*********************************** <<<<Stock = AMD >>>>> NO CONDITION MEET. Return FALSE                     candle_1_close = 159.15 and candle_1_high = 159.28 candle_1_vol = 2556 and candle_0_vol = 2362                     4th Candle close is = 159.22, 3rd Candle Close is =159.3, Current Open is = 159.32, Current Close is = 159.17, Previous OPEN is = 159.18.                     ********************************** STOCK CHECK END ********************************************


2025-07-17 14:37:09,965 - INFO - 93584 - 

*********************************** <<<<Stock = TSLA >>>>> NO CONDITION MEET. Return FALSE                     candle_1_close = 318.4 and candle_1_high = 318.82 candle_1_vol = 3823 and candle_0_vol = 5790                     4th Candle close is = 319.06, 3rd Candle Close is =319.3, Current Open is = 319.54, Current Close is = 318.67, Previous OPEN is = 318.67.                     ********************************** STOCK CHECK END ********************************************


2025-07-17 14:37:09,967 - INFO - 17072 - 
 dataEngulf = (False, 'None', 'AMD', 'notrade')

2025-07-17 14:37:09,969 - INFO - 93584 - 
 dataEngulf = (False, 'None', 'TSLA', 'notrade')

2025-07-17 14:37:10,206 - INFO - 93584 - Checking BEARISH OR BULLISH Engulf Data for stock = AAPL
2025-07-17 14:37:10,209 - INFO - 17072 - Checking BEARISH OR BULLISH Engulf Data for stock = AMD
2025-07-17 14:37:10,210 - INFO - 93584 - Last 7 candles data 1st is = [1471692195936: Date: 2025-07-17 14:05:00, Open: 211.730000, High: 211.800000, Low: 211.300000, Close: 211.340000, Volume: 2447, Average: 211.549000, BarCount: 1530, 1471692196032: Date: 2025-07-17 14:10:00, Open: 211.340000, High: 211.360000, Low: 211.140000, Close: 211.350000, Volume: 2499, Average: 211.232000, BarCount: 1634, 1471692196128: Date: 2025-07-17 14:15:00, Open: 211.350000, High: 211.700000, Low: 211.330000, Close: 211.610000, Volume: 4626, Average: 211.572000, BarCount: 2346, 1471692196224: Date: 2025-07-17 14:20:00, Open: 211.600000, High: 211.600000, Low: 211.200000, Close: 211.250000, Volume: 5413, Average: 211.333000, BarCount: 1932, 1471692196320: Date: 2025-07-17 14:25:00, Open: 211.240000, High: 211.330000, Low: 211.090000, Close: 211.280000, Volume: 2576, Average: 211.193000, BarCount: 1388, 1471692196416: Date: 2025-07-17 14:30:00, Open: 211.280000, High: 211.280000, Low: 211.040000, Close: 211.070000, Volume: 2495, Average: 211.174000, BarCount: 1505, 1471692019888: Date: 2025-07-17 14:35:00, Open: 211.070000, High: 211.070000, Low: 210.960000, Close: 210.960000, Volume: 1295, Average: 211.007359, BarCount: 770]
2025-07-17 14:37:10,210 - INFO - 60048 - Checking BEARISH OR BULLISH Engulf Data for stock = QQQ
2025-07-17 14:37:10,222 - INFO - 17072 - Last 7 candles data 1st is = [1471692982944: Date: 2025-07-17 14:05:00, Open: 159.320000, High: 159.380000, Low: 159.000000, Close: 159.170000, Volume: 2362, Average: 159.162000, BarCount: 1196, 1471692983040: Date: 2025-07-17 14:10:00, Open: 159.180000, High: 159.280000, Low: 158.970000, Close: 159.150000, Volume: 2556, Average: 159.128000, BarCount: 1027, 1471692983136: Date: 2025-07-17 14:15:00, Open: 159.140000, High: 159.310000, Low: 159.080000, Close: 159.300000, Volume: 1751, Average: 159.189000, BarCount: 865, 1471692983232: Date: 2025-07-17 14:20:00, Open: 159.310000, High: 159.350000, Low: 159.080000, Close: 159.220000, Volume: 1199, Average: 159.195000, BarCount: 645, 1471692983328: Date: 2025-07-17 14:25:00, Open: 159.220000, High: 159.270000, Low: 159.010000, Close: 159.140000, Volume: 1812, Average: 159.160000, BarCount: 922, 1471692983424: Date: 2025-07-17 14:30:00, Open: 159.150000, High: 159.310000, Low: 158.870000, Close: 158.910000, Volume: 2449, Average: 159.113000, BarCount: 1191, 1471691797712: Date: 2025-07-17 14:35:00, Open: 158.890000, High: 158.970000, Low: 158.690000, Close: 158.710000, Volume: 1850, Average: 158.821552, BarCount: 737]
2025-07-17 14:37:10,228 - INFO - 93584 - 

*********************************** <<<<Stock = AAPL >>>>> NO CONDITION MEET. Return FALSE                     candle_1_close = 211.35 and candle_1_high = 211.36 candle_1_vol = 2499 and candle_0_vol = 2447                     4th Candle close is = 211.25, 3rd Candle Close is =211.61, Current Open is = 211.73, Current Close is = 211.34, Previous OPEN is = 211.34.                     ********************************** STOCK CHECK END ********************************************


2025-07-17 14:37:10,241 - INFO - 60048 - Last 7 candles data 1st is = [1471692743328: Date: 2025-07-17 14:05:00, Open: 561.920000, High: 561.920000, Low: 561.620000, Close: 561.650000, Volume: 2567, Average: 561.724000, BarCount: 1285, 1471692743424: Date: 2025-07-17 14:10:00, Open: 561.650000, High: 561.700000, Low: 561.400000, Close: 561.420000, Volume: 2541, Average: 561.492000, BarCount: 1312, 1471692743520: Date: 2025-07-17 14:15:00, Open: 561.420000, High: 561.720000, Low: 561.300000, Close: 561.680000, Volume: 3336, Average: 561.509000, BarCount: 1827, 1471692743616: Date: 2025-07-17 14:20:00, Open: 561.680000, High: 561.800000, Low: 561.520000, Close: 561.770000, Volume: 2571, Average: 561.615000, BarCount: 1541, 1471692743712: Date: 2025-07-17 14:25:00, Open: 561.770000, High: 561.830000, Low: 561.580000, Close: 561.750000, Volume: 2195, Average: 561.695000, BarCount: 1375, 1471692743808: Date: 2025-07-17 14:30:00, Open: 561.750000, High: 561.830000, Low: 561.540000, Close: 561.680000, Volume: 2652, Average: 561.713000, BarCount: 1484, 1471692859456: Date: 2025-07-17 14:35:00, Open: 561.680000, High: 561.680000, Low: 561.520000, Close: 561.550000, Volume: 1292, Average: 561.600807, BarCount: 610]
2025-07-17 14:37:10,256 - INFO - 17072 - 

*********************************** <<<<Stock = AMD >>>>> NO CONDITION MEET. Return FALSE                     candle_1_close = 159.15 and candle_1_high = 159.28 candle_1_vol = 2556 and candle_0_vol = 2362                     4th Candle close is = 159.22, 3rd Candle Close is =159.3, Current Open is = 159.32, Current Close is = 159.17, Previous OPEN is = 159.18.                     ********************************** STOCK CHECK END ********************************************


2025-07-17 14:37:10,264 - INFO - 93584 - 
 dataEngulf = (False, 'None', 'AAPL', 'notrade')

2025-07-17 14:37:10,283 - INFO - 60048 - 

*********************************** <<<<Stock = QQQ >>>>> NO CONDITION MEET. Return FALSE                     candle_1_close = 561.42 and candle_1_high = 561.7 candle_1_vol = 2541 and candle_0_vol = 2567                     4th Candle close is = 561.77, 3rd Candle Close is =561.68, Current Open is = 561.92, Current Close is = 561.65, Previous OPEN is = 561.65.                     ********************************** STOCK CHECK END ********************************************


2025-07-17 14:37:10,289 - INFO - 60048 - 
 dataEngulf = (False, 'None', 'QQQ', 'notrade')

2025-07-17 14:37:10,309 - INFO - 17072 - 
 dataEngulf = (False, 'None', 'AMD', 'notrade')

2025-07-17 14:37:10,434 - ERROR - 70652 - Id: 67, Code: 200, Msg: The contract description specified for SPY is ambiguous.
2025-07-17 14:37:10,451 - INFO - 31732 - Checking BEARISH OR BULLISH Engulf Data for stock = AMD
2025-07-17 14:37:10,452 - INFO - 17072 - Checking BEARISH OR BULLISH Engulf Data for stock = AAPL
2025-07-17 14:37:10,452 - INFO - 31732 - Last 7 candles data 1st is = [1471692982944: Date: 2025-07-17 14:05:00, Open: 159.320000, High: 159.380000, Low: 159.000000, Close: 159.170000, Volume: 2362, Average: 159.162000, BarCount: 1196, 1471692983040: Date: 2025-07-17 14:10:00, Open: 159.180000, High: 159.280000, Low: 158.970000, Close: 159.150000, Volume: 2556, Average: 159.128000, BarCount: 1027, 1471692983136: Date: 2025-07-17 14:15:00, Open: 159.140000, High: 159.310000, Low: 159.080000, Close: 159.300000, Volume: 1751, Average: 159.189000, BarCount: 865, 1471692983232: Date: 2025-07-17 14:20:00, Open: 159.310000, High: 159.350000, Low: 159.080000, Close: 159.220000, Volume: 1199, Average: 159.195000, BarCount: 645, 1471692983328: Date: 2025-07-17 14:25:00, Open: 159.220000, High: 159.270000, Low: 159.010000, Close: 159.140000, Volume: 1812, Average: 159.160000, BarCount: 922, 1471692983424: Date: 2025-07-17 14:30:00, Open: 159.150000, High: 159.310000, Low: 158.870000, Close: 158.910000, Volume: 2449, Average: 159.113000, BarCount: 1191, 1471692849232: Date: 2025-07-17 14:35:00, Open: 158.890000, High: 158.970000, Low: 158.680000, Close: 158.720000, Volume: 1950, Average: 158.814855, BarCount: 791]
2025-07-17 14:37:10,454 - INFO - 60048 - Checking BEARISH OR BULLISH Engulf Data for stock = NVDA
2025-07-17 14:37:10,459 - INFO - 17072 - Last 7 candles data 1st is = [1471692195936: Date: 2025-07-17 14:05:00, Open: 211.730000, High: 211.800000, Low: 211.300000, Close: 211.340000, Volume: 2447, Average: 211.549000, BarCount: 1530, 1471692196032: Date: 2025-07-17 14:10:00, Open: 211.340000, High: 211.360000, Low: 211.140000, Close: 211.350000, Volume: 2499, Average: 211.232000, BarCount: 1634, 1471692196128: Date: 2025-07-17 14:15:00, Open: 211.350000, High: 211.700000, Low: 211.330000, Close: 211.610000, Volume: 4626, Average: 211.572000, BarCount: 2346, 1471692196224: Date: 2025-07-17 14:20:00, Open: 211.600000, High: 211.600000, Low: 211.200000, Close: 211.250000, Volume: 5413, Average: 211.333000, BarCount: 1932, 1471692196320: Date: 2025-07-17 14:25:00, Open: 211.240000, High: 211.330000, Low: 211.090000, Close: 211.280000, Volume: 2576, Average: 211.193000, BarCount: 1388, 1471692196416: Date: 2025-07-17 14:30:00, Open: 211.280000, High: 211.280000, Low: 211.040000, Close: 211.070000, Volume: 2495, Average: 211.174000, BarCount: 1505, 1471693090704: Date: 2025-07-17 14:35:00, Open: 211.070000, High: 211.070000, Low: 210.960000, Close: 210.970000, Volume: 1303, Average: 211.007114, BarCount: 774]
2025-07-17 14:37:10,465 - INFO - 31732 - 

*********************************** <<<<Stock = AMD >>>>> NO CONDITION MEET. Return FALSE                     candle_1_close = 159.15 and candle_1_high = 159.28 candle_1_vol = 2556 and candle_0_vol = 2362                     4th Candle close is = 159.22, 3rd Candle Close is =159.3, Current Open is = 159.32, Current Close is = 159.17, Previous OPEN is = 159.18.                     ********************************** STOCK CHECK END ********************************************


2025-07-17 14:37:10,476 - INFO - 60048 - Last 7 candles data 1st is = [1471693199248: Date: 2025-07-17 14:05:00, Open: 173.280000, High: 173.290000, Low: 173.180000, Close: 173.280000, Volume: 6863, Average: 173.245000, BarCount: 3231, 1471693199344: Date: 2025-07-17 14:10:00, Open: 173.280000, High: 173.350000, Low: 173.190000, Close: 173.280000, Volume: 8580, Average: 173.264000, BarCount: 3618, 1471693199440: Date: 2025-07-17 14:15:00, Open: 173.270000, High: 173.350000, Low: 173.090000, Close: 173.340000, Volume: 9907, Average: 173.221000, BarCount: 4472, 1471693199536: Date: 2025-07-17 14:20:00, Open: 173.340000, High: 173.410000, Low: 173.140000, Close: 173.390000, Volume: 8972, Average: 173.291000, BarCount: 3526, 1471693199632: Date: 2025-07-17 14:25:00, Open: 173.390000, High: 173.420000, Low: 173.180000, Close: 173.300000, Volume: 6976, Average: 173.283000, BarCount: 2865, 1471693199728: Date: 2025-07-17 14:30:00, Open: 173.290000, High: 173.440000, Low: 173.260000, Close: 173.390000, Volume: 8300, Average: 173.365000, BarCount: 3664, 1471692198960: Date: 2025-07-17 14:35:00, Open: 173.390000, High: 173.490000, Low: 173.330000, Close: 173.340000, Volume: 3965, Average: 173.405946, BarCount: 1595]
2025-07-17 14:37:10,483 - INFO - 17072 - 

*********************************** <<<<Stock = AAPL >>>>> NO CONDITION MEET. Return FALSE                     candle_1_close = 211.35 and candle_1_high = 211.36 candle_1_vol = 2499 and candle_0_vol = 2447                     4th Candle close is = 211.25, 3rd Candle Close is =211.61, Current Open is = 211.73, Current Close is = 211.34, Previous OPEN is = 211.34.                     ********************************** STOCK CHECK END ********************************************


2025-07-17 14:37:10,497 - INFO - 31732 - 
 dataEngulf = (False, 'None', 'AMD', 'notrade')

2025-07-17 14:37:10,503 - INFO - 60048 - 

*********************************** <<<<Stock = NVDA >>>>> NO CONDITION MEET. Return FALSE                     candle_1_close = 173.28 and candle_1_high = 173.35 candle_1_vol = 8580 and candle_0_vol = 6863                     4th Candle close is = 173.39, 3rd Candle Close is =173.34, Current Open is = 173.28, Current Close is = 173.28, Previous OPEN is = 173.28.                     ********************************** STOCK CHECK END ********************************************


2025-07-17 14:37:10,509 - INFO - 17072 - 
 dataEngulf = (False, 'None', 'AAPL', 'notrade')

2025-07-17 14:37:10,512 - INFO - 60048 - 
 dataEngulf = (False, 'None', 'NVDA', 'notrade')

2025-07-17 14:37:11,951 - INFO - 60048 - Checking BEARISH OR BULLISH Engulf Data for stock = AAPL
2025-07-17 14:37:11,952 - INFO - 60048 - Last 7 candles data 1st is = [1471692195936: Date: 2025-07-17 14:05:00, Open: 211.730000, High: 211.800000, Low: 211.300000, Close: 211.340000, Volume: 2447, Average: 211.549000, BarCount: 1530, 1471692196032: Date: 2025-07-17 14:10:00, Open: 211.340000, High: 211.360000, Low: 211.140000, Close: 211.350000, Volume: 2499, Average: 211.232000, BarCount: 1634, 1471692196128: Date: 2025-07-17 14:15:00, Open: 211.350000, High: 211.700000, Low: 211.330000, Close: 211.610000, Volume: 4626, Average: 211.572000, BarCount: 2346, 1471692196224: Date: 2025-07-17 14:20:00, Open: 211.600000, High: 211.600000, Low: 211.200000, Close: 211.250000, Volume: 5413, Average: 211.333000, BarCount: 1932, 1471692196320: Date: 2025-07-17 14:25:00, Open: 211.240000, High: 211.330000, Low: 211.090000, Close: 211.280000, Volume: 2576, Average: 211.193000, BarCount: 1388, 1471692196416: Date: 2025-07-17 14:30:00, Open: 211.280000, High: 211.280000, Low: 211.040000, Close: 211.070000, Volume: 2495, Average: 211.174000, BarCount: 1505, 1471693090704: Date: 2025-07-17 14:35:00, Open: 211.070000, High: 211.070000, Low: 210.960000, Close: 210.970000, Volume: 1303, Average: 211.007114, BarCount: 774]
2025-07-17 14:37:11,952 - INFO - 93584 - Checking BEARISH OR BULLISH Engulf Data for stock = MSFT
2025-07-17 14:37:11,955 - INFO - 60048 - 

*********************************** <<<<Stock = AAPL >>>>> NO CONDITION MEET. Return FALSE                     candle_1_close = 211.35 and candle_1_high = 211.36 candle_1_vol = 2499 and candle_0_vol = 2447                     4th Candle close is = 211.25, 3rd Candle Close is =211.61, Current Open is = 211.73, Current Close is = 211.34, Previous OPEN is = 211.34.                     ********************************** STOCK CHECK END ********************************************


2025-07-17 14:37:11,956 - INFO - 93584 - Last 7 candles data 1st is = [1471693082496: Date: 2025-07-17 14:05:00, Open: 512.610000, High: 512.610000, Low: 511.880000, Close: 512.180000, Volume: 581, Average: 512.310000, BarCount: 395, 1471693082592: Date: 2025-07-17 14:10:00, Open: 512.200000, High: 512.440000, Low: 511.900000, Close: 512.080000, Volume: 522, Average: 512.067000, BarCount: 320, 1471693082688: Date: 2025-07-17 14:15:00, Open: 512.100000, High: 512.330000, Low: 511.990000, Close: 512.250000, Volume: 486, Average: 512.118000, BarCount: 383, 1471693082784: Date: 2025-07-17 14:20:00, Open: 512.250000, High: 512.290000, Low: 511.970000, Close: 512.250000, Volume: 689, Average: 512.082000, BarCount: 365, 1471693082880: Date: 2025-07-17 14:25:00, Open: 512.260000, High: 512.390000, Low: 512.130000, Close: 512.140000, Volume: 520, Average: 512.271000, BarCount: 384, 1471693082976: Date: 2025-07-17 14:30:00, Open: 512.130000, High: 512.200000, Low: 511.760000, Close: 511.920000, Volume: 454, Average: 511.941000, BarCount: 333, 1471692856672: Date: 2025-07-17 14:35:00, Open: 511.930000, High: 512.030000, Low: 511.860000, Close: 511.880000, Volume: 210, Average: 511.939082, BarCount: 139]
2025-07-17 14:37:11,957 - INFO - 60048 - 
 dataEngulf = (False, 'None', 'AAPL', 'notrade')

2025-07-17 14:37:11,959 - INFO - 93584 - 

*********************************** <<<<Stock = MSFT >>>>> NO CONDITION MEET. Return FALSE                     candle_1_close = 512.08 and candle_1_high = 512.44 candle_1_vol = 522 and candle_0_vol = 581                     4th Candle close is = 512.25, 3rd Candle Close is =512.25, Current Open is = 512.61, Current Close is = 512.18, Previous OPEN is = 512.2.                     ********************************** STOCK CHECK END ********************************************


2025-07-17 14:37:11,961 - INFO - 93584 - 
 dataEngulf = (False, 'None', 'MSFT', 'notrade')

2025-07-17 14:37:12,204 - INFO - 17072 - Checking BEARISH OR BULLISH Engulf Data for stock = AMD
2025-07-17 14:37:12,206 - INFO - 60048 - Checking BEARISH OR BULLISH Engulf Data for stock = MSFT
2025-07-17 14:37:12,207 - INFO - 17072 - Last 7 candles data 1st is = [1471692982944: Date: 2025-07-17 14:05:00, Open: 159.320000, High: 159.380000, Low: 159.000000, Close: 159.170000, Volume: 2362, Average: 159.162000, BarCount: 1196, 1471692983040: Date: 2025-07-17 14:10:00, Open: 159.180000, High: 159.280000, Low: 158.970000, Close: 159.150000, Volume: 2556, Average: 159.128000, BarCount: 1027, 1471692983136: Date: 2025-07-17 14:15:00, Open: 159.140000, High: 159.310000, Low: 159.080000, Close: 159.300000, Volume: 1751, Average: 159.189000, BarCount: 865, 1471692983232: Date: 2025-07-17 14:20:00, Open: 159.310000, High: 159.350000, Low: 159.080000, Close: 159.220000, Volume: 1199, Average: 159.195000, BarCount: 645, 1471692983328: Date: 2025-07-17 14:25:00, Open: 159.220000, High: 159.270000, Low: 159.010000, Close: 159.140000, Volume: 1812, Average: 159.160000, BarCount: 922, 1471692983424: Date: 2025-07-17 14:30:00, Open: 159.150000, High: 159.310000, Low: 158.870000, Close: 158.910000, Volume: 2449, Average: 159.113000, BarCount: 1191, 1471692849232: Date: 2025-07-17 14:35:00, Open: 158.890000, High: 158.970000, Low: 158.680000, Close: 158.720000, Volume: 1950, Average: 158.814855, BarCount: 791]
2025-07-17 14:37:12,211 - INFO - 60048 - Last 7 candles data 1st is = [1471693082496: Date: 2025-07-17 14:05:00, Open: 512.610000, High: 512.610000, Low: 511.880000, Close: 512.180000, Volume: 581, Average: 512.310000, BarCount: 395, 1471693082592: Date: 2025-07-17 14:10:00, Open: 512.200000, High: 512.440000, Low: 511.900000, Close: 512.080000, Volume: 522, Average: 512.067000, BarCount: 320, 1471693082688: Date: 2025-07-17 14:15:00, Open: 512.100000, High: 512.330000, Low: 511.990000, Close: 512.250000, Volume: 486, Average: 512.118000, BarCount: 383, 1471693082784: Date: 2025-07-17 14:20:00, Open: 512.250000, High: 512.290000, Low: 511.970000, Close: 512.250000, Volume: 689, Average: 512.082000, BarCount: 365, 1471693082880: Date: 2025-07-17 14:25:00, Open: 512.260000, High: 512.390000, Low: 512.130000, Close: 512.140000, Volume: 520, Average: 512.271000, BarCount: 384, 1471693082976: Date: 2025-07-17 14:30:00, Open: 512.130000, High: 512.200000, Low: 511.760000, Close: 511.920000, Volume: 454, Average: 511.941000, BarCount: 333, 1471692856672: Date: 2025-07-17 14:35:00, Open: 511.930000, High: 512.030000, Low: 511.860000, Close: 511.880000, Volume: 210, Average: 511.939082, BarCount: 139]
2025-07-17 14:37:12,212 - INFO - 17072 - 

*********************************** <<<<Stock = AMD >>>>> NO CONDITION MEET. Return FALSE                     candle_1_close = 159.15 and candle_1_high = 159.28 candle_1_vol = 2556 and candle_0_vol = 2362                     4th Candle close is = 159.22, 3rd Candle Close is =159.3, Current Open is = 159.32, Current Close is = 159.17, Previous OPEN is = 159.18.                     ********************************** STOCK CHECK END ********************************************


2025-07-17 14:37:12,214 - INFO - 60048 - 

*********************************** <<<<Stock = MSFT >>>>> NO CONDITION MEET. Return FALSE                     candle_1_close = 512.08 and candle_1_high = 512.44 candle_1_vol = 522 and candle_0_vol = 581                     4th Candle close is = 512.25, 3rd Candle Close is =512.25, Current Open is = 512.61, Current Close is = 512.18, Previous OPEN is = 512.2.                     ********************************** STOCK CHECK END ********************************************


2025-07-17 14:37:12,217 - INFO - 17072 - 
 dataEngulf = (False, 'None', 'AMD', 'notrade')

2025-07-17 14:37:12,223 - INFO - 60048 - 
 dataEngulf = (False, 'None', 'MSFT', 'notrade')

2025-07-17 14:37:12,453 - INFO - 17072 - Checking BEARISH OR BULLISH Engulf Data for stock = AMZN
2025-07-17 14:37:12,455 - INFO - 17072 - Last 7 candles data 1st is = [1471692597072: Date: 2025-07-17 14:05:00, Open: 223.850000, High: 223.990000, Low: 223.790000, Close: 223.900000, Volume: 1482, Average: 223.879000, BarCount: 914, 1471692597168: Date: 2025-07-17 14:10:00, Open: 223.890000, High: 223.910000, Low: 223.670000, Close: 223.700000, Volume: 1549, Average: 223.743000, BarCount: 905, 1471692597264: Date: 2025-07-17 14:15:00, Open: 223.690000, High: 223.820000, Low: 223.630000, Close: 223.770000, Volume: 1636, Average: 223.728000, BarCount: 913, 1471692597360: Date: 2025-07-17 14:20:00, Open: 223.760000, High: 223.860000, Low: 223.680000, Close: 223.850000, Volume: 1317, Average: 223.754000, BarCount: 704, 1471692597456: Date: 2025-07-17 14:25:00, Open: 223.830000, High: 223.970000, Low: 223.790000, Close: 223.940000, Volume: 1259, Average: 223.886000, BarCount: 838, 1471692597552: Date: 2025-07-17 14:30:00, Open: 223.940000, High: 223.970000, Low: 223.850000, Close: 223.880000, Volume: 1693, Average: 223.910000, BarCount: 1046, 1471692196752: Date: 2025-07-17 14:35:00, Open: 223.880000, High: 223.880000, Low: 223.740000, Close: 223.760000, Volume: 599, Average: 223.796910, BarCount: 404]
2025-07-17 14:37:12,458 - INFO - 17072 - 

*********************************** <<<<Stock = AMZN >>>>> NO CONDITION MEET. Return FALSE                     candle_1_close = 223.7 and candle_1_high = 223.91 candle_1_vol = 1549 and candle_0_vol = 1482                     4th Candle close is = 223.85, 3rd Candle Close is =223.77, Current Open is = 223.85, Current Close is = 223.9, Previous OPEN is = 223.89.                     ********************************** STOCK CHECK END ********************************************


2025-07-17 14:37:12,459 - INFO - 17072 - 
 dataEngulf = (False, 'None', 'AMZN', 'notrade')

2025-07-17 14:37:12,640 - INFO - 17072 - Checking BEARISH OR BULLISH Engulf Data for stock = TSLA
2025-07-17 14:37:12,642 - INFO - 17072 - Last 7 candles data 1st is = [1471692855616: Date: 2025-07-17 14:05:00, Open: 319.540000, High: 319.590000, Low: 318.330000, Close: 318.670000, Volume: 5790, Average: 318.791000, BarCount: 2480, 1471692855712: Date: 2025-07-17 14:10:00, Open: 318.670000, High: 318.820000, Low: 318.210000, Close: 318.400000, Volume: 3823, Average: 318.542000, BarCount: 1656, 1471692855808: Date: 2025-07-17 14:15:00, Open: 318.410000, High: 319.320000, Low: 318.320000, Close: 319.300000, Volume: 3662, Average: 318.798000, BarCount: 1498, 1471692855904: Date: 2025-07-17 14:20:00, Open: 319.300000, High: 319.360000, Low: 318.650000, Close: 319.060000, Volume: 3417, Average: 319.037000, BarCount: 1568, 1471692856000: Date: 2025-07-17 14:25:00, Open: 319.000000, High: 319.100000, Low: 318.550000, Close: 319.010000, Volume: 3323, Average: 318.866000, BarCount: 1399, 1471692856096: Date: 2025-07-17 14:30:00, Open: 319.030000, High: 319.750000, Low: 318.920000, Close: 319.530000, Volume: 4697, Average: 319.414000, BarCount: 1850, 1471693340944: Date: 2025-07-17 14:35:00, Open: 319.540000, High: 319.580000, Low: 319.200000, Close: 319.420000, Volume: 1331, Average: 319.372028, BarCount: 593]
2025-07-17 14:37:12,643 - INFO - 93584 - Checking BEARISH OR BULLISH Engulf Data for stock = NVDA
2025-07-17 14:37:12,648 - INFO - 17072 - 

*********************************** <<<<Stock = TSLA >>>>> NO CONDITION MEET. Return FALSE                     candle_1_close = 318.4 and candle_1_high = 318.82 candle_1_vol = 3823 and candle_0_vol = 5790                     4th Candle close is = 319.06, 3rd Candle Close is =319.3, Current Open is = 319.54, Current Close is = 318.67, Previous OPEN is = 318.67.                     ********************************** STOCK CHECK END ********************************************


2025-07-17 14:37:12,650 - INFO - 93584 - Last 7 candles data 1st is = [1471693199248: Date: 2025-07-17 14:05:00, Open: 173.280000, High: 173.290000, Low: 173.180000, Close: 173.280000, Volume: 6863, Average: 173.245000, BarCount: 3231, 1471693199344: Date: 2025-07-17 14:10:00, Open: 173.280000, High: 173.350000, Low: 173.190000, Close: 173.280000, Volume: 8580, Average: 173.264000, BarCount: 3618, 1471693199440: Date: 2025-07-17 14:15:00, Open: 173.270000, High: 173.350000, Low: 173.090000, Close: 173.340000, Volume: 9907, Average: 173.221000, BarCount: 4472, 1471693199536: Date: 2025-07-17 14:20:00, Open: 173.340000, High: 173.410000, Low: 173.140000, Close: 173.390000, Volume: 8972, Average: 173.291000, BarCount: 3526, 1471693199632: Date: 2025-07-17 14:25:00, Open: 173.390000, High: 173.420000, Low: 173.180000, Close: 173.300000, Volume: 6976, Average: 173.283000, BarCount: 2865, 1471693199728: Date: 2025-07-17 14:30:00, Open: 173.290000, High: 173.440000, Low: 173.260000, Close: 173.390000, Volume: 8300, Average: 173.365000, BarCount: 3664, 1471692859024: Date: 2025-07-17 14:35:00, Open: 173.390000, High: 173.490000, Low: 173.330000, Close: 173.340000, Volume: 3994, Average: 173.405446, BarCount: 1609]
2025-07-17 14:37:12,653 - INFO - 17072 - 
 dataEngulf = (False, 'None', 'TSLA', 'notrade')

2025-07-17 14:37:12,661 - INFO - 93584 - 

*********************************** <<<<Stock = NVDA >>>>> NO CONDITION MEET. Return FALSE                     candle_1_close = 173.28 and candle_1_high = 173.35 candle_1_vol = 8580 and candle_0_vol = 6863                     4th Candle close is = 173.39, 3rd Candle Close is =173.34, Current Open is = 173.28, Current Close is = 173.28, Previous OPEN is = 173.28.                     ********************************** STOCK CHECK END ********************************************


2025-07-17 14:37:12,662 - INFO - 93584 - 
 dataEngulf = (False, 'None', 'NVDA', 'notrade')

2025-07-17 14:37:12,951 - INFO - 31732 - Checking BEARISH OR BULLISH Engulf Data for stock = TSLA
2025-07-17 14:37:12,952 - INFO - 93584 - Checking BEARISH OR BULLISH Engulf Data for stock = AAPL
2025-07-17 14:37:12,953 - INFO - 31732 - Last 7 candles data 1st is = [1471692855616: Date: 2025-07-17 14:05:00, Open: 319.540000, High: 319.590000, Low: 318.330000, Close: 318.670000, Volume: 5790, Average: 318.791000, BarCount: 2480, 1471692855712: Date: 2025-07-17 14:10:00, Open: 318.670000, High: 318.820000, Low: 318.210000, Close: 318.400000, Volume: 3823, Average: 318.542000, BarCount: 1656, 1471692855808: Date: 2025-07-17 14:15:00, Open: 318.410000, High: 319.320000, Low: 318.320000, Close: 319.300000, Volume: 3662, Average: 318.798000, BarCount: 1498, 1471692855904: Date: 2025-07-17 14:20:00, Open: 319.300000, High: 319.360000, Low: 318.650000, Close: 319.060000, Volume: 3417, Average: 319.037000, BarCount: 1568, 1471692856000: Date: 2025-07-17 14:25:00, Open: 319.000000, High: 319.100000, Low: 318.550000, Close: 319.010000, Volume: 3323, Average: 318.866000, BarCount: 1399, 1471692856096: Date: 2025-07-17 14:30:00, Open: 319.030000, High: 319.750000, Low: 318.920000, Close: 319.530000, Volume: 4697, Average: 319.414000, BarCount: 1850, 1471693340944: Date: 2025-07-17 14:35:00, Open: 319.540000, High: 319.580000, Low: 319.200000, Close: 319.420000, Volume: 1331, Average: 319.372028, BarCount: 593]
2025-07-17 14:37:12,955 - INFO - 93584 - Last 7 candles data 1st is = [1471692195936: Date: 2025-07-17 14:05:00, Open: 211.730000, High: 211.800000, Low: 211.300000, Close: 211.340000, Volume: 2447, Average: 211.549000, BarCount: 1530, 1471692196032: Date: 2025-07-17 14:10:00, Open: 211.340000, High: 211.360000, Low: 211.140000, Close: 211.350000, Volume: 2499, Average: 211.232000, BarCount: 1634, 1471692196128: Date: 2025-07-17 14:15:00, Open: 211.350000, High: 211.700000, Low: 211.330000, Close: 211.610000, Volume: 4626, Average: 211.572000, BarCount: 2346, 1471692196224: Date: 2025-07-17 14:20:00, Open: 211.600000, High: 211.600000, Low: 211.200000, Close: 211.250000, Volume: 5413, Average: 211.333000, BarCount: 1932, 1471692196320: Date: 2025-07-17 14:25:00, Open: 211.240000, High: 211.330000, Low: 211.090000, Close: 211.280000, Volume: 2576, Average: 211.193000, BarCount: 1388, 1471692196416: Date: 2025-07-17 14:30:00, Open: 211.280000, High: 211.280000, Low: 211.040000, Close: 211.070000, Volume: 2495, Average: 211.174000, BarCount: 1505, 1471693090704: Date: 2025-07-17 14:35:00, Open: 211.070000, High: 211.070000, Low: 210.960000, Close: 210.970000, Volume: 1303, Average: 211.007114, BarCount: 774]
2025-07-17 14:37:12,957 - INFO - 31732 - 

*********************************** <<<<Stock = TSLA >>>>> NO CONDITION MEET. Return FALSE                     candle_1_close = 318.4 and candle_1_high = 318.82 candle_1_vol = 3823 and candle_0_vol = 5790                     4th Candle close is = 319.06, 3rd Candle Close is =319.3, Current Open is = 319.54, Current Close is = 318.67, Previous OPEN is = 318.67.                     ********************************** STOCK CHECK END ********************************************


2025-07-17 14:37:12,959 - INFO - 93584 - 

*********************************** <<<<Stock = AAPL >>>>> NO CONDITION MEET. Return FALSE                     candle_1_close = 211.35 and candle_1_high = 211.36 candle_1_vol = 2499 and candle_0_vol = 2447                     4th Candle close is = 211.25, 3rd Candle Close is =211.61, Current Open is = 211.73, Current Close is = 211.34, Previous OPEN is = 211.34.                     ********************************** STOCK CHECK END ********************************************


2025-07-17 14:37:12,961 - INFO - 31732 - 
 dataEngulf = (False, 'None', 'TSLA', 'notrade')

2025-07-17 14:37:12,964 - INFO - 93584 - 
 dataEngulf = (False, 'None', 'AAPL', 'notrade')

2025-07-17 14:37:13,204 - INFO - 93584 - Checking BEARISH OR BULLISH Engulf Data for stock = NVDA
2025-07-17 14:37:13,205 - INFO - 93584 - Last 7 candles data 1st is = [1471693199248: Date: 2025-07-17 14:05:00, Open: 173.280000, High: 173.290000, Low: 173.180000, Close: 173.280000, Volume: 6863, Average: 173.245000, BarCount: 3231, 1471693199344: Date: 2025-07-17 14:10:00, Open: 173.280000, High: 173.350000, Low: 173.190000, Close: 173.280000, Volume: 8580, Average: 173.264000, BarCount: 3618, 1471693199440: Date: 2025-07-17 14:15:00, Open: 173.270000, High: 173.350000, Low: 173.090000, Close: 173.340000, Volume: 9907, Average: 173.221000, BarCount: 4472, 1471693199536: Date: 2025-07-17 14:20:00, Open: 173.340000, High: 173.410000, Low: 173.140000, Close: 173.390000, Volume: 8972, Average: 173.291000, BarCount: 3526, 1471693199632: Date: 2025-07-17 14:25:00, Open: 173.390000, High: 173.420000, Low: 173.180000, Close: 173.300000, Volume: 6976, Average: 173.283000, BarCount: 2865, 1471693199728: Date: 2025-07-17 14:30:00, Open: 173.290000, High: 173.440000, Low: 173.260000, Close: 173.390000, Volume: 8300, Average: 173.365000, BarCount: 3664, 1471692859024: Date: 2025-07-17 14:35:00, Open: 173.390000, High: 173.490000, Low: 173.330000, Close: 173.340000, Volume: 3994, Average: 173.405446, BarCount: 1609]
2025-07-17 14:37:13,209 - INFO - 93584 - 

*********************************** <<<<Stock = NVDA >>>>> NO CONDITION MEET. Return FALSE                     candle_1_close = 173.28 and candle_1_high = 173.35 candle_1_vol = 8580 and candle_0_vol = 6863                     4th Candle close is = 173.39, 3rd Candle Close is =173.34, Current Open is = 173.28, Current Close is = 173.28, Previous OPEN is = 173.28.                     ********************************** STOCK CHECK END ********************************************


2025-07-17 14:37:13,211 - INFO - 93584 - 
 dataEngulf = (False, 'None', 'NVDA', 'notrade')

2025-07-17 14:37:13,642 - INFO - 17072 - Checking BEARISH OR BULLISH Engulf Data for stock = TSLA
2025-07-17 14:37:13,644 - INFO - 93584 - Checking BEARISH OR BULLISH Engulf Data for stock = NVDA
2025-07-17 14:37:13,645 - INFO - 17072 - Last 7 candles data 1st is = [1471692855616: Date: 2025-07-17 14:05:00, Open: 319.540000, High: 319.590000, Low: 318.330000, Close: 318.670000, Volume: 5790, Average: 318.791000, BarCount: 2480, 1471692855712: Date: 2025-07-17 14:10:00, Open: 318.670000, High: 318.820000, Low: 318.210000, Close: 318.400000, Volume: 3823, Average: 318.542000, BarCount: 1656, 1471692855808: Date: 2025-07-17 14:15:00, Open: 318.410000, High: 319.320000, Low: 318.320000, Close: 319.300000, Volume: 3662, Average: 318.798000, BarCount: 1498, 1471692855904: Date: 2025-07-17 14:20:00, Open: 319.300000, High: 319.360000, Low: 318.650000, Close: 319.060000, Volume: 3417, Average: 319.037000, BarCount: 1568, 1471692856000: Date: 2025-07-17 14:25:00, Open: 319.000000, High: 319.100000, Low: 318.550000, Close: 319.010000, Volume: 3323, Average: 318.866000, BarCount: 1399, 1471692856096: Date: 2025-07-17 14:30:00, Open: 319.030000, High: 319.750000, Low: 318.920000, Close: 319.530000, Volume: 4697, Average: 319.414000, BarCount: 1850, 1471693340944: Date: 2025-07-17 14:35:00, Open: 319.540000, High: 319.580000, Low: 319.200000, Close: 319.420000, Volume: 1331, Average: 319.372028, BarCount: 593]
2025-07-17 14:37:13,646 - INFO - 93584 - Last 7 candles data 1st is = [1471693199248: Date: 2025-07-17 14:05:00, Open: 173.280000, High: 173.290000, Low: 173.180000, Close: 173.280000, Volume: 6863, Average: 173.245000, BarCount: 3231, 1471693199344: Date: 2025-07-17 14:10:00, Open: 173.280000, High: 173.350000, Low: 173.190000, Close: 173.280000, Volume: 8580, Average: 173.264000, BarCount: 3618, 1471693199440: Date: 2025-07-17 14:15:00, Open: 173.270000, High: 173.350000, Low: 173.090000, Close: 173.340000, Volume: 9907, Average: 173.221000, BarCount: 4472, 1471693199536: Date: 2025-07-17 14:20:00, Open: 173.340000, High: 173.410000, Low: 173.140000, Close: 173.390000, Volume: 8972, Average: 173.291000, BarCount: 3526, 1471693199632: Date: 2025-07-17 14:25:00, Open: 173.390000, High: 173.420000, Low: 173.180000, Close: 173.300000, Volume: 6976, Average: 173.283000, BarCount: 2865, 1471693199728: Date: 2025-07-17 14:30:00, Open: 173.290000, High: 173.440000, Low: 173.260000, Close: 173.390000, Volume: 8300, Average: 173.365000, BarCount: 3664, 1471692859024: Date: 2025-07-17 14:35:00, Open: 173.390000, High: 173.490000, Low: 173.330000, Close: 173.340000, Volume: 3994, Average: 173.405446, BarCount: 1609]
2025-07-17 14:37:13,648 - INFO - 17072 - 

*********************************** <<<<Stock = TSLA >>>>> NO CONDITION MEET. Return FALSE                     candle_1_close = 318.4 and candle_1_high = 318.82 candle_1_vol = 3823 and candle_0_vol = 5790                     4th Candle close is = 319.06, 3rd Candle Close is =319.3, Current Open is = 319.54, Current Close is = 318.67, Previous OPEN is = 318.67.                     ********************************** STOCK CHECK END ********************************************


2025-07-17 14:37:13,650 - INFO - 93584 - 

*********************************** <<<<Stock = NVDA >>>>> NO CONDITION MEET. Return FALSE                     candle_1_close = 173.28 and candle_1_high = 173.35 candle_1_vol = 8580 and candle_0_vol = 6863                     4th Candle close is = 173.39, 3rd Candle Close is =173.34, Current Open is = 173.28, Current Close is = 173.28, Previous OPEN is = 173.28.                     ********************************** STOCK CHECK END ********************************************


2025-07-17 14:37:13,651 - INFO - 17072 - 
 dataEngulf = (False, 'None', 'TSLA', 'notrade')

2025-07-17 14:37:13,653 - INFO - 93584 - 
 dataEngulf = (False, 'None', 'NVDA', 'notrade')

2025-07-17 14:37:13,959 - INFO - 60048 - Checking BEARISH OR BULLISH Engulf Data for stock = QQQ
2025-07-17 14:37:13,962 - INFO - 60048 - Last 7 candles data 1st is = [1471692743328: Date: 2025-07-17 14:05:00, Open: 561.920000, High: 561.920000, Low: 561.620000, Close: 561.650000, Volume: 2567, Average: 561.724000, BarCount: 1285, 1471692743424: Date: 2025-07-17 14:10:00, Open: 561.650000, High: 561.700000, Low: 561.400000, Close: 561.420000, Volume: 2541, Average: 561.492000, BarCount: 1312, 1471692743520: Date: 2025-07-17 14:15:00, Open: 561.420000, High: 561.720000, Low: 561.300000, Close: 561.680000, Volume: 3336, Average: 561.509000, BarCount: 1827, 1471692743616: Date: 2025-07-17 14:20:00, Open: 561.680000, High: 561.800000, Low: 561.520000, Close: 561.770000, Volume: 2571, Average: 561.615000, BarCount: 1541, 1471692743712: Date: 2025-07-17 14:25:00, Open: 561.770000, High: 561.830000, Low: 561.580000, Close: 561.750000, Volume: 2195, Average: 561.695000, BarCount: 1375, 1471692743808: Date: 2025-07-17 14:30:00, Open: 561.750000, High: 561.830000, Low: 561.540000, Close: 561.680000, Volume: 2652, Average: 561.713000, BarCount: 1484, 1471692095712: Date: 2025-07-17 14:35:00, Open: 561.680000, High: 561.680000, Low: 561.520000, Close: 561.540000, Volume: 1309, Average: 561.600087, BarCount: 617]
2025-07-17 14:37:13,965 - INFO - 93584 - Checking BEARISH OR BULLISH Engulf Data for stock = SPY
2025-07-17 14:37:13,966 - INFO - 60048 - 

*********************************** <<<<Stock = QQQ >>>>> NO CONDITION MEET. Return FALSE                     candle_1_close = 561.42 and candle_1_high = 561.7 candle_1_vol = 2541 and candle_0_vol = 2567                     4th Candle close is = 561.77, 3rd Candle Close is =561.68, Current Open is = 561.92, Current Close is = 561.65, Previous OPEN is = 561.65.                     ********************************** STOCK CHECK END ********************************************


2025-07-17 14:37:13,968 - INFO - 17072 - Checking BEARISH OR BULLISH Engulf Data for stock = AAPL
2025-07-17 14:37:13,969 - INFO - 93584 - Last 7 candles data 1st is = [1471692455856: Date: 2025-07-17 14:05:00, Open: 627.440000, High: 627.450000, Low: 627.280000, Close: 627.370000, Volume: 3575, Average: 627.374000, BarCount: 2304, 1471692444432: Date: 2025-07-17 14:10:00, Open: 627.380000, High: 627.420000, Low: 627.140000, Close: 627.160000, Volume: 4250, Average: 627.273000, BarCount: 2843, 1471692444384: Date: 2025-07-17 14:15:00, Open: 627.160000, High: 627.510000, Low: 627.140000, Close: 627.480000, Volume: 3248, Average: 627.324000, BarCount: 2110, 1471692521744: Date: 2025-07-17 14:20:00, Open: 627.480000, High: 627.790000, Low: 627.430000, Close: 627.780000, Volume: 4185, Average: 627.567000, BarCount: 2775, 1471692521840: Date: 2025-07-17 14:25:00, Open: 627.770000, High: 627.880000, Low: 627.670000, Close: 627.830000, Volume: 5988, Average: 627.771000, BarCount: 3243, 1471692521936: Date: 2025-07-17 14:30:00, Open: 627.840000, High: 627.910000, Low: 627.670000, Close: 627.790000, Volume: 4795, Average: 627.803000, BarCount: 2802, 1471691798768: Date: 2025-07-17 14:35:00, Open: 627.780000, High: 627.810000, Low: 627.640000, Close: 627.680000, Volume: 2860, Average: 627.701306, BarCount: 1425]
2025-07-17 14:37:13,976 - INFO - 60048 - 
 dataEngulf = (False, 'None', 'QQQ', 'notrade')

2025-07-17 14:37:13,988 - INFO - 17072 - Last 7 candles data 1st is = [1471692195936: Date: 2025-07-17 14:05:00, Open: 211.730000, High: 211.800000, Low: 211.300000, Close: 211.340000, Volume: 2447, Average: 211.549000, BarCount: 1530, 1471692196032: Date: 2025-07-17 14:10:00, Open: 211.340000, High: 211.360000, Low: 211.140000, Close: 211.350000, Volume: 2499, Average: 211.232000, BarCount: 1634, 1471692196128: Date: 2025-07-17 14:15:00, Open: 211.350000, High: 211.700000, Low: 211.330000, Close: 211.610000, Volume: 4626, Average: 211.572000, BarCount: 2346, 1471692196224: Date: 2025-07-17 14:20:00, Open: 211.600000, High: 211.600000, Low: 211.200000, Close: 211.250000, Volume: 5413, Average: 211.333000, BarCount: 1932, 1471692196320: Date: 2025-07-17 14:25:00, Open: 211.240000, High: 211.330000, Low: 211.090000, Close: 211.280000, Volume: 2576, Average: 211.193000, BarCount: 1388, 1471692196416: Date: 2025-07-17 14:30:00, Open: 211.280000, High: 211.280000, Low: 211.040000, Close: 211.070000, Volume: 2495, Average: 211.174000, BarCount: 1505, 1471693090704: Date: 2025-07-17 14:35:00, Open: 211.070000, High: 211.070000, Low: 210.960000, Close: 210.970000, Volume: 1303, Average: 211.007114, BarCount: 774]
2025-07-17 14:37:13,995 - INFO - 93584 - 

*********************************** <<<<Stock = SPY >>>>> NO CONDITION MEET. Return FALSE                     candle_1_close = 627.16 and candle_1_high = 627.42 candle_1_vol = 4250 and candle_0_vol = 3575                     4th Candle close is = 627.78, 3rd Candle Close is =627.48, Current Open is = 627.44, Current Close is = 627.37, Previous OPEN is = 627.38.                     ********************************** STOCK CHECK END ********************************************


2025-07-17 14:37:14,018 - INFO - 17072 - 

*********************************** <<<<Stock = AAPL >>>>> NO CONDITION MEET. Return FALSE                     candle_1_close = 211.35 and candle_1_high = 211.36 candle_1_vol = 2499 and candle_0_vol = 2447                     4th Candle close is = 211.25, 3rd Candle Close is =211.61, Current Open is = 211.73, Current Close is = 211.34, Previous OPEN is = 211.34.                     ********************************** STOCK CHECK END ********************************************


2025-07-17 14:37:14,029 - INFO - 93584 - 
 dataEngulf = (False, 'None', 'SPY', 'notrade')

2025-07-17 14:37:14,051 - INFO - 17072 - 
 dataEngulf = (False, 'None', 'AAPL', 'notrade')

2025-07-17 14:37:14,206 - INFO - 93584 - Checking BEARISH OR BULLISH Engulf Data for stock = AMD
2025-07-17 14:37:14,206 - INFO - 17072 - Checking BEARISH OR BULLISH Engulf Data for stock = TSLA
2025-07-17 14:37:14,207 - INFO - 31732 - Checking BEARISH OR BULLISH Engulf Data for stock = AAPL
2025-07-17 14:37:14,208 - INFO - 93584 - Last 7 candles data 1st is = [1471692982944: Date: 2025-07-17 14:05:00, Open: 159.320000, High: 159.380000, Low: 159.000000, Close: 159.170000, Volume: 2362, Average: 159.162000, BarCount: 1196, 1471692983040: Date: 2025-07-17 14:10:00, Open: 159.180000, High: 159.280000, Low: 158.970000, Close: 159.150000, Volume: 2556, Average: 159.128000, BarCount: 1027, 1471692983136: Date: 2025-07-17 14:15:00, Open: 159.140000, High: 159.310000, Low: 159.080000, Close: 159.300000, Volume: 1751, Average: 159.189000, BarCount: 865, 1471692983232: Date: 2025-07-17 14:20:00, Open: 159.310000, High: 159.350000, Low: 159.080000, Close: 159.220000, Volume: 1199, Average: 159.195000, BarCount: 645, 1471692983328: Date: 2025-07-17 14:25:00, Open: 159.220000, High: 159.270000, Low: 159.010000, Close: 159.140000, Volume: 1812, Average: 159.160000, BarCount: 922, 1471692983424: Date: 2025-07-17 14:30:00, Open: 159.150000, High: 159.310000, Low: 158.870000, Close: 158.910000, Volume: 2449, Average: 159.113000, BarCount: 1191, 1471692849232: Date: 2025-07-17 14:35:00, Open: 158.890000, High: 158.970000, Low: 158.680000, Close: 158.720000, Volume: 1950, Average: 158.814855, BarCount: 791]
2025-07-17 14:37:14,208 - INFO - 60048 - Checking BEARISH OR BULLISH Engulf Data for stock = SPY
2025-07-17 14:37:14,210 - INFO - 93584 - 

*********************************** <<<<Stock = AMD >>>>> NO CONDITION MEET. Return FALSE                     candle_1_close = 159.15 and candle_1_high = 159.28 candle_1_vol = 2556 and candle_0_vol = 2362                     4th Candle close is = 159.22, 3rd Candle Close is =159.3, Current Open is = 159.32, Current Close is = 159.17, Previous OPEN is = 159.18.                     ********************************** STOCK CHECK END ********************************************


2025-07-17 14:37:14,211 - INFO - 31732 - Last 7 candles data 1st is = [1471692195936: Date: 2025-07-17 14:05:00, Open: 211.730000, High: 211.800000, Low: 211.300000, Close: 211.340000, Volume: 2447, Average: 211.549000, BarCount: 1530, 1471692196032: Date: 2025-07-17 14:10:00, Open: 211.340000, High: 211.360000, Low: 211.140000, Close: 211.350000, Volume: 2499, Average: 211.232000, BarCount: 1634, 1471692196128: Date: 2025-07-17 14:15:00, Open: 211.350000, High: 211.700000, Low: 211.330000, Close: 211.610000, Volume: 4626, Average: 211.572000, BarCount: 2346, 1471692196224: Date: 2025-07-17 14:20:00, Open: 211.600000, High: 211.600000, Low: 211.200000, Close: 211.250000, Volume: 5413, Average: 211.333000, BarCount: 1932, 1471692196320: Date: 2025-07-17 14:25:00, Open: 211.240000, High: 211.330000, Low: 211.090000, Close: 211.280000, Volume: 2576, Average: 211.193000, BarCount: 1388, 1471692196416: Date: 2025-07-17 14:30:00, Open: 211.280000, High: 211.280000, Low: 211.040000, Close: 211.070000, Volume: 2495, Average: 211.174000, BarCount: 1505, 1471693090704: Date: 2025-07-17 14:35:00, Open: 211.070000, High: 211.070000, Low: 210.960000, Close: 210.970000, Volume: 1303, Average: 211.007114, BarCount: 774]
2025-07-17 14:37:14,212 - INFO - 17072 - Last 7 candles data 1st is = [1471692855616: Date: 2025-07-17 14:05:00, Open: 319.540000, High: 319.590000, Low: 318.330000, Close: 318.670000, Volume: 5790, Average: 318.791000, BarCount: 2480, 1471692855712: Date: 2025-07-17 14:10:00, Open: 318.670000, High: 318.820000, Low: 318.210000, Close: 318.400000, Volume: 3823, Average: 318.542000, BarCount: 1656, 1471692855808: Date: 2025-07-17 14:15:00, Open: 318.410000, High: 319.320000, Low: 318.320000, Close: 319.300000, Volume: 3662, Average: 318.798000, BarCount: 1498, 1471692855904: Date: 2025-07-17 14:20:00, Open: 319.300000, High: 319.360000, Low: 318.650000, Close: 319.060000, Volume: 3417, Average: 319.037000, BarCount: 1568, 1471692856000: Date: 2025-07-17 14:25:00, Open: 319.000000, High: 319.100000, Low: 318.550000, Close: 319.010000, Volume: 3323, Average: 318.866000, BarCount: 1399, 1471692856096: Date: 2025-07-17 14:30:00, Open: 319.030000, High: 319.750000, Low: 318.920000, Close: 319.530000, Volume: 4697, Average: 319.414000, BarCount: 1850, 1471693340944: Date: 2025-07-17 14:35:00, Open: 319.540000, High: 319.580000, Low: 319.200000, Close: 319.420000, Volume: 1331, Average: 319.372028, BarCount: 593]
2025-07-17 14:37:14,213 - INFO - 60048 - Last 7 candles data 1st is = [1471692455856: Date: 2025-07-17 14:05:00, Open: 627.440000, High: 627.450000, Low: 627.280000, Close: 627.370000, Volume: 3575, Average: 627.374000, BarCount: 2304, 1471692444432: Date: 2025-07-17 14:10:00, Open: 627.380000, High: 627.420000, Low: 627.140000, Close: 627.160000, Volume: 4250, Average: 627.273000, BarCount: 2843, 1471692444384: Date: 2025-07-17 14:15:00, Open: 627.160000, High: 627.510000, Low: 627.140000, Close: 627.480000, Volume: 3248, Average: 627.324000, BarCount: 2110, 1471692521744: Date: 2025-07-17 14:20:00, Open: 627.480000, High: 627.790000, Low: 627.430000, Close: 627.780000, Volume: 4185, Average: 627.567000, BarCount: 2775, 1471692521840: Date: 2025-07-17 14:25:00, Open: 627.770000, High: 627.880000, Low: 627.670000, Close: 627.830000, Volume: 5988, Average: 627.771000, BarCount: 3243, 1471692521936: Date: 2025-07-17 14:30:00, Open: 627.840000, High: 627.910000, Low: 627.670000, Close: 627.790000, Volume: 4795, Average: 627.803000, BarCount: 2802, 1471691798768: Date: 2025-07-17 14:35:00, Open: 627.780000, High: 627.810000, Low: 627.640000, Close: 627.680000, Volume: 2860, Average: 627.701306, BarCount: 1425]
2025-07-17 14:37:14,214 - INFO - 93584 - 
 dataEngulf = (False, 'None', 'AMD', 'notrade')

2025-07-17 14:37:14,216 - INFO - 31732 - 

*********************************** <<<<Stock = AAPL >>>>> NO CONDITION MEET. Return FALSE                     candle_1_close = 211.35 and candle_1_high = 211.36 candle_1_vol = 2499 and candle_0_vol = 2447                     4th Candle close is = 211.25, 3rd Candle Close is =211.61, Current Open is = 211.73, Current Close is = 211.34, Previous OPEN is = 211.34.                     ********************************** STOCK CHECK END ********************************************


2025-07-17 14:37:14,217 - INFO - 31732 - 
 dataEngulf = (False, 'None', 'AAPL', 'notrade')

2025-07-17 14:37:14,222 - INFO - 31732 - Checking BEARISH OR BULLISH Engulf Data for stock = AMZN
2025-07-17 14:37:14,225 - INFO - 31732 - Last 7 candles data 1st is = [1471692597072: Date: 2025-07-17 14:05:00, Open: 223.850000, High: 223.990000, Low: 223.790000, Close: 223.900000, Volume: 1482, Average: 223.879000, BarCount: 914, 1471692597168: Date: 2025-07-17 14:10:00, Open: 223.890000, High: 223.910000, Low: 223.670000, Close: 223.700000, Volume: 1549, Average: 223.743000, BarCount: 905, 1471692597264: Date: 2025-07-17 14:15:00, Open: 223.690000, High: 223.820000, Low: 223.630000, Close: 223.770000, Volume: 1636, Average: 223.728000, BarCount: 913, 1471692597360: Date: 2025-07-17 14:20:00, Open: 223.760000, High: 223.860000, Low: 223.680000, Close: 223.850000, Volume: 1317, Average: 223.754000, BarCount: 704, 1471692597456: Date: 2025-07-17 14:25:00, Open: 223.830000, High: 223.970000, Low: 223.790000, Close: 223.940000, Volume: 1259, Average: 223.886000, BarCount: 838, 1471692597552: Date: 2025-07-17 14:30:00, Open: 223.940000, High: 223.970000, Low: 223.850000, Close: 223.880000, Volume: 1693, Average: 223.910000, BarCount: 1046, 1471692196752: Date: 2025-07-17 14:35:00, Open: 223.880000, High: 223.880000, Low: 223.740000, Close: 223.760000, Volume: 599, Average: 223.796910, BarCount: 404]
2025-07-17 14:37:14,229 - INFO - 31732 - 

*********************************** <<<<Stock = AMZN >>>>> NO CONDITION MEET. Return FALSE                     candle_1_close = 223.7 and candle_1_high = 223.91 candle_1_vol = 1549 and candle_0_vol = 1482                     4th Candle close is = 223.85, 3rd Candle Close is =223.77, Current Open is = 223.85, Current Close is = 223.9, Previous OPEN is = 223.89.                     ********************************** STOCK CHECK END ********************************************


2025-07-17 14:37:14,233 - INFO - 60048 - 

*********************************** <<<<Stock = SPY >>>>> NO CONDITION MEET. Return FALSE                     candle_1_close = 627.16 and candle_1_high = 627.42 candle_1_vol = 4250 and candle_0_vol = 3575                     4th Candle close is = 627.78, 3rd Candle Close is =627.48, Current Open is = 627.44, Current Close is = 627.37, Previous OPEN is = 627.38.                     ********************************** STOCK CHECK END ********************************************


2025-07-17 14:37:14,248 - INFO - 17072 - 

*********************************** <<<<Stock = TSLA >>>>> NO CONDITION MEET. Return FALSE                     candle_1_close = 318.4 and candle_1_high = 318.82 candle_1_vol = 3823 and candle_0_vol = 5790                     4th Candle close is = 319.06, 3rd Candle Close is =319.3, Current Open is = 319.54, Current Close is = 318.67, Previous OPEN is = 318.67.                     ********************************** STOCK CHECK END ********************************************


2025-07-17 14:37:14,255 - INFO - 31732 - 
 dataEngulf = (False, 'None', 'AMZN', 'notrade')

2025-07-17 14:37:14,263 - INFO - 60048 - 
 dataEngulf = (False, 'None', 'SPY', 'notrade')

2025-07-17 14:37:14,293 - INFO - 17072 - 
 dataEngulf = (False, 'None', 'TSLA', 'notrade')

2025-07-17 14:37:14,455 - INFO - 93584 - Checking BEARISH OR BULLISH Engulf Data for stock = TSLA
2025-07-17 14:37:14,457 - INFO - 93584 - Last 7 candles data 1st is = [1471692855616: Date: 2025-07-17 14:05:00, Open: 319.540000, High: 319.590000, Low: 318.330000, Close: 318.670000, Volume: 5790, Average: 318.791000, BarCount: 2480, 1471692855712: Date: 2025-07-17 14:10:00, Open: 318.670000, High: 318.820000, Low: 318.210000, Close: 318.400000, Volume: 3823, Average: 318.542000, BarCount: 1656, 1471692855808: Date: 2025-07-17 14:15:00, Open: 318.410000, High: 319.320000, Low: 318.320000, Close: 319.300000, Volume: 3662, Average: 318.798000, BarCount: 1498, 1471692855904: Date: 2025-07-17 14:20:00, Open: 319.300000, High: 319.360000, Low: 318.650000, Close: 319.060000, Volume: 3417, Average: 319.037000, BarCount: 1568, 1471692856000: Date: 2025-07-17 14:25:00, Open: 319.000000, High: 319.100000, Low: 318.550000, Close: 319.010000, Volume: 3323, Average: 318.866000, BarCount: 1399, 1471692856096: Date: 2025-07-17 14:30:00, Open: 319.030000, High: 319.750000, Low: 318.920000, Close: 319.530000, Volume: 4697, Average: 319.414000, BarCount: 1850, 1471693340944: Date: 2025-07-17 14:35:00, Open: 319.540000, High: 319.580000, Low: 319.200000, Close: 319.420000, Volume: 1331, Average: 319.372028, BarCount: 593]
2025-07-17 14:37:14,460 - INFO - 93584 - 

*********************************** <<<<Stock = TSLA >>>>> NO CONDITION MEET. Return FALSE                     candle_1_close = 318.4 and candle_1_high = 318.82 candle_1_vol = 3823 and candle_0_vol = 5790                     4th Candle close is = 319.06, 3rd Candle Close is =319.3, Current Open is = 319.54, Current Close is = 318.67, Previous OPEN is = 318.67.                     ********************************** STOCK CHECK END ********************************************


2025-07-17 14:37:14,461 - INFO - 93584 - 
 dataEngulf = (False, 'None', 'TSLA', 'notrade')

2025-07-17 14:37:14,957 - INFO - 93584 - Checking BEARISH OR BULLISH Engulf Data for stock = MSFT
2025-07-17 14:37:14,958 - INFO - 93584 - Last 7 candles data 1st is = [1471693082496: Date: 2025-07-17 14:05:00, Open: 512.610000, High: 512.610000, Low: 511.880000, Close: 512.180000, Volume: 581, Average: 512.310000, BarCount: 395, 1471693082592: Date: 2025-07-17 14:10:00, Open: 512.200000, High: 512.440000, Low: 511.900000, Close: 512.080000, Volume: 522, Average: 512.067000, BarCount: 320, 1471693082688: Date: 2025-07-17 14:15:00, Open: 512.100000, High: 512.330000, Low: 511.990000, Close: 512.250000, Volume: 486, Average: 512.118000, BarCount: 383, 1471693082784: Date: 2025-07-17 14:20:00, Open: 512.250000, High: 512.290000, Low: 511.970000, Close: 512.250000, Volume: 689, Average: 512.082000, BarCount: 365, 1471693082880: Date: 2025-07-17 14:25:00, Open: 512.260000, High: 512.390000, Low: 512.130000, Close: 512.140000, Volume: 520, Average: 512.271000, BarCount: 384, 1471693082976: Date: 2025-07-17 14:30:00, Open: 512.130000, High: 512.200000, Low: 511.760000, Close: 511.920000, Volume: 454, Average: 511.941000, BarCount: 333, 1471692856672: Date: 2025-07-17 14:35:00, Open: 511.930000, High: 512.030000, Low: 511.860000, Close: 511.880000, Volume: 210, Average: 511.939082, BarCount: 139]
2025-07-17 14:37:14,959 - INFO - 60048 - Checking BEARISH OR BULLISH Engulf Data for stock = NVDA
2025-07-17 14:37:14,961 - INFO - 31732 - Checking BEARISH OR BULLISH Engulf Data for stock = AMD
2025-07-17 14:37:14,966 - INFO - 93584 - 

*********************************** <<<<Stock = MSFT >>>>> NO CONDITION MEET. Return FALSE                     candle_1_close = 512.08 and candle_1_high = 512.44 candle_1_vol = 522 and candle_0_vol = 581                     4th Candle close is = 512.25, 3rd Candle Close is =512.25, Current Open is = 512.61, Current Close is = 512.18, Previous OPEN is = 512.2.                     ********************************** STOCK CHECK END ********************************************


2025-07-17 14:37:14,977 - INFO - 60048 - Last 7 candles data 1st is = [1471693199248: Date: 2025-07-17 14:05:00, Open: 173.280000, High: 173.290000, Low: 173.180000, Close: 173.280000, Volume: 6863, Average: 173.245000, BarCount: 3231, 1471693199344: Date: 2025-07-17 14:10:00, Open: 173.280000, High: 173.350000, Low: 173.190000, Close: 173.280000, Volume: 8580, Average: 173.264000, BarCount: 3618, 1471693199440: Date: 2025-07-17 14:15:00, Open: 173.270000, High: 173.350000, Low: 173.090000, Close: 173.340000, Volume: 9907, Average: 173.221000, BarCount: 4472, 1471693199536: Date: 2025-07-17 14:20:00, Open: 173.340000, High: 173.410000, Low: 173.140000, Close: 173.390000, Volume: 8972, Average: 173.291000, BarCount: 3526, 1471693199632: Date: 2025-07-17 14:25:00, Open: 173.390000, High: 173.420000, Low: 173.180000, Close: 173.300000, Volume: 6976, Average: 173.283000, BarCount: 2865, 1471693199728: Date: 2025-07-17 14:30:00, Open: 173.290000, High: 173.440000, Low: 173.260000, Close: 173.390000, Volume: 8300, Average: 173.365000, BarCount: 3664, 1471692859024: Date: 2025-07-17 14:35:00, Open: 173.390000, High: 173.490000, Low: 173.330000, Close: 173.340000, Volume: 3994, Average: 173.405446, BarCount: 1609]
2025-07-17 14:37:14,984 - INFO - 31732 - Last 7 candles data 1st is = [1471692982944: Date: 2025-07-17 14:05:00, Open: 159.320000, High: 159.380000, Low: 159.000000, Close: 159.170000, Volume: 2362, Average: 159.162000, BarCount: 1196, 1471692983040: Date: 2025-07-17 14:10:00, Open: 159.180000, High: 159.280000, Low: 158.970000, Close: 159.150000, Volume: 2556, Average: 159.128000, BarCount: 1027, 1471692983136: Date: 2025-07-17 14:15:00, Open: 159.140000, High: 159.310000, Low: 159.080000, Close: 159.300000, Volume: 1751, Average: 159.189000, BarCount: 865, 1471692983232: Date: 2025-07-17 14:20:00, Open: 159.310000, High: 159.350000, Low: 159.080000, Close: 159.220000, Volume: 1199, Average: 159.195000, BarCount: 645, 1471692983328: Date: 2025-07-17 14:25:00, Open: 159.220000, High: 159.270000, Low: 159.010000, Close: 159.140000, Volume: 1812, Average: 159.160000, BarCount: 922, 1471692983424: Date: 2025-07-17 14:30:00, Open: 159.150000, High: 159.310000, Low: 158.870000, Close: 158.910000, Volume: 2449, Average: 159.113000, BarCount: 1191, 1471692849232: Date: 2025-07-17 14:35:00, Open: 158.890000, High: 158.970000, Low: 158.680000, Close: 158.720000, Volume: 1950, Average: 158.814855, BarCount: 791]
2025-07-17 14:37:15,002 - INFO - 93584 - 
 dataEngulf = (False, 'None', 'MSFT', 'notrade')

2025-07-17 14:37:15,049 - INFO - 60048 - 

*********************************** <<<<Stock = NVDA >>>>> NO CONDITION MEET. Return FALSE                     candle_1_close = 173.28 and candle_1_high = 173.35 candle_1_vol = 8580 and candle_0_vol = 6863                     4th Candle close is = 173.39, 3rd Candle Close is =173.34, Current Open is = 173.28, Current Close is = 173.28, Previous OPEN is = 173.28.                     ********************************** STOCK CHECK END ********************************************


2025-07-17 14:37:15,055 - INFO - 31732 - 

*********************************** <<<<Stock = AMD >>>>> NO CONDITION MEET. Return FALSE                     candle_1_close = 159.15 and candle_1_high = 159.28 candle_1_vol = 2556 and candle_0_vol = 2362                     4th Candle close is = 159.22, 3rd Candle Close is =159.3, Current Open is = 159.32, Current Close is = 159.17, Previous OPEN is = 159.18.                     ********************************** STOCK CHECK END ********************************************


2025-07-17 14:37:15,079 - INFO - 60048 - 
 dataEngulf = (False, 'None', 'NVDA', 'notrade')

2025-07-17 14:37:15,102 - INFO - 31732 - 
 dataEngulf = (False, 'None', 'AMD', 'notrade')

2025-07-17 14:37:15,243 - INFO - 31732 - Checking BEARISH OR BULLISH Engulf Data for stock = AMD
2025-07-17 14:37:15,247 - INFO - 31732 - Last 7 candles data 1st is = [1471692982944: Date: 2025-07-17 14:05:00, Open: 159.320000, High: 159.380000, Low: 159.000000, Close: 159.170000, Volume: 2362, Average: 159.162000, BarCount: 1196, 1471692983040: Date: 2025-07-17 14:10:00, Open: 159.180000, High: 159.280000, Low: 158.970000, Close: 159.150000, Volume: 2556, Average: 159.128000, BarCount: 1027, 1471692983136: Date: 2025-07-17 14:15:00, Open: 159.140000, High: 159.310000, Low: 159.080000, Close: 159.300000, Volume: 1751, Average: 159.189000, BarCount: 865, 1471692983232: Date: 2025-07-17 14:20:00, Open: 159.310000, High: 159.350000, Low: 159.080000, Close: 159.220000, Volume: 1199, Average: 159.195000, BarCount: 645, 1471692983328: Date: 2025-07-17 14:25:00, Open: 159.220000, High: 159.270000, Low: 159.010000, Close: 159.140000, Volume: 1812, Average: 159.160000, BarCount: 922, 1471692983424: Date: 2025-07-17 14:30:00, Open: 159.150000, High: 159.310000, Low: 158.870000, Close: 158.910000, Volume: 2449, Average: 159.113000, BarCount: 1191, 1471692849232: Date: 2025-07-17 14:35:00, Open: 158.890000, High: 158.970000, Low: 158.680000, Close: 158.720000, Volume: 1950, Average: 158.814855, BarCount: 791]
2025-07-17 14:37:15,248 - ERROR - 70652 - Id: 68, Code: 200, Msg: The contract description specified for SPY is ambiguous.
2025-07-17 14:37:15,249 - INFO - 31732 - 

*********************************** <<<<Stock = AMD >>>>> NO CONDITION MEET. Return FALSE                     candle_1_close = 159.15 and candle_1_high = 159.28 candle_1_vol = 2556 and candle_0_vol = 2362                     4th Candle close is = 159.22, 3rd Candle Close is =159.3, Current Open is = 159.32, Current Close is = 159.17, Previous OPEN is = 159.18.                     ********************************** STOCK CHECK END ********************************************


2025-07-17 14:37:15,251 - INFO - 31732 - 
 dataEngulf = (False, 'None', 'AMD', 'notrade')

2025-07-17 14:37:15,456 - INFO - 17072 - Checking BEARISH OR BULLISH Engulf Data for stock = SPY
2025-07-17 14:37:15,457 - INFO - 17072 - Last 7 candles data 1st is = [1471692455856: Date: 2025-07-17 14:05:00, Open: 627.440000, High: 627.450000, Low: 627.280000, Close: 627.370000, Volume: 3575, Average: 627.374000, BarCount: 2304, 1471692444432: Date: 2025-07-17 14:10:00, Open: 627.380000, High: 627.420000, Low: 627.140000, Close: 627.160000, Volume: 4250, Average: 627.273000, BarCount: 2843, 1471692444384: Date: 2025-07-17 14:15:00, Open: 627.160000, High: 627.510000, Low: 627.140000, Close: 627.480000, Volume: 3248, Average: 627.324000, BarCount: 2110, 1471692521744: Date: 2025-07-17 14:20:00, Open: 627.480000, High: 627.790000, Low: 627.430000, Close: 627.780000, Volume: 4185, Average: 627.567000, BarCount: 2775, 1471692521840: Date: 2025-07-17 14:25:00, Open: 627.770000, High: 627.880000, Low: 627.670000, Close: 627.830000, Volume: 5988, Average: 627.771000, BarCount: 3243, 1471692521936: Date: 2025-07-17 14:30:00, Open: 627.840000, High: 627.910000, Low: 627.670000, Close: 627.790000, Volume: 4795, Average: 627.803000, BarCount: 2802, 1471691798768: Date: 2025-07-17 14:35:00, Open: 627.780000, High: 627.810000, Low: 627.640000, Close: 627.680000, Volume: 2860, Average: 627.701306, BarCount: 1425]
2025-07-17 14:37:15,460 - INFO - 17072 - 

*********************************** <<<<Stock = SPY >>>>> NO CONDITION MEET. Return FALSE                     candle_1_close = 627.16 and candle_1_high = 627.42 candle_1_vol = 4250 and candle_0_vol = 3575                     4th Candle close is = 627.78, 3rd Candle Close is =627.48, Current Open is = 627.44, Current Close is = 627.37, Previous OPEN is = 627.38.                     ********************************** STOCK CHECK END ********************************************


2025-07-17 14:37:15,462 - INFO - 17072 - 
 dataEngulf = (False, 'None', 'SPY', 'notrade')

2025-07-17 14:37:15,643 - INFO - 93584 - Checking BEARISH OR BULLISH Engulf Data for stock = AMD
2025-07-17 14:37:15,645 - INFO - 93584 - Last 7 candles data 1st is = [1471692982944: Date: 2025-07-17 14:05:00, Open: 159.320000, High: 159.380000, Low: 159.000000, Close: 159.170000, Volume: 2362, Average: 159.162000, BarCount: 1196, 1471692983040: Date: 2025-07-17 14:10:00, Open: 159.180000, High: 159.280000, Low: 158.970000, Close: 159.150000, Volume: 2556, Average: 159.128000, BarCount: 1027, 1471692983136: Date: 2025-07-17 14:15:00, Open: 159.140000, High: 159.310000, Low: 159.080000, Close: 159.300000, Volume: 1751, Average: 159.189000, BarCount: 865, 1471692983232: Date: 2025-07-17 14:20:00, Open: 159.310000, High: 159.350000, Low: 159.080000, Close: 159.220000, Volume: 1199, Average: 159.195000, BarCount: 645, 1471692983328: Date: 2025-07-17 14:25:00, Open: 159.220000, High: 159.270000, Low: 159.010000, Close: 159.140000, Volume: 1812, Average: 159.160000, BarCount: 922, 1471692983424: Date: 2025-07-17 14:30:00, Open: 159.150000, High: 159.310000, Low: 158.870000, Close: 158.910000, Volume: 2449, Average: 159.113000, BarCount: 1191, 1471693087296: Date: 2025-07-17 14:35:00, Open: 158.890000, High: 158.970000, Low: 158.680000, Close: 158.730000, Volume: 2012, Average: 158.812267, BarCount: 812]
2025-07-17 14:37:15,645 - INFO - 17072 - Checking BEARISH OR BULLISH Engulf Data for stock = TSLA
2025-07-17 14:37:15,646 - INFO - 60048 - Checking BEARISH OR BULLISH Engulf Data for stock = NVDA
2025-07-17 14:37:15,653 - INFO - 93584 - 

*********************************** <<<<Stock = AMD >>>>> AND Bearish Engulf Condition <<<PUT-BBBBB_HVY_VOL_StrongSELL>> meet. Return TRUE                     candle_1_close = 159.15 and candle_1_high = 159.28 candle_1_vol = 2556 and candle_0_vol = 2362                     4th Candle close is = 159.22, 3rd Candle Close is =159.3, Current Open is = 159.32, Current Close is = 159.17, Previous OPEN is = 159.18.


2025-07-17 14:37:15,659 - INFO - 17072 - Last 7 candles data 1st is = [1471692855616: Date: 2025-07-17 14:05:00, Open: 319.540000, High: 319.590000, Low: 318.330000, Close: 318.670000, Volume: 5790, Average: 318.791000, BarCount: 2480, 1471692855712: Date: 2025-07-17 14:10:00, Open: 318.670000, High: 318.820000, Low: 318.210000, Close: 318.400000, Volume: 3823, Average: 318.542000, BarCount: 1656, 1471692855808: Date: 2025-07-17 14:15:00, Open: 318.410000, High: 319.320000, Low: 318.320000, Close: 319.300000, Volume: 3662, Average: 318.798000, BarCount: 1498, 1471692855904: Date: 2025-07-17 14:20:00, Open: 319.300000, High: 319.360000, Low: 318.650000, Close: 319.060000, Volume: 3417, Average: 319.037000, BarCount: 1568, 1471692856000: Date: 2025-07-17 14:25:00, Open: 319.000000, High: 319.100000, Low: 318.550000, Close: 319.010000, Volume: 3323, Average: 318.866000, BarCount: 1399, 1471692856096: Date: 2025-07-17 14:30:00, Open: 319.030000, High: 319.750000, Low: 318.920000, Close: 319.530000, Volume: 4697, Average: 319.414000, BarCount: 1850, 1471692859024: Date: 2025-07-17 14:35:00, Open: 319.540000, High: 319.580000, Low: 319.200000, Close: 319.470000, Volume: 1362, Average: 319.374077, BarCount: 608]
2025-07-17 14:37:15,676 - INFO - 60048 - Last 7 candles data 1st is = [1471693199248: Date: 2025-07-17 14:05:00, Open: 173.280000, High: 173.290000, Low: 173.180000, Close: 173.280000, Volume: 6863, Average: 173.245000, BarCount: 3231, 1471693199344: Date: 2025-07-17 14:10:00, Open: 173.280000, High: 173.350000, Low: 173.190000, Close: 173.280000, Volume: 8580, Average: 173.264000, BarCount: 3618, 1471693199440: Date: 2025-07-17 14:15:00, Open: 173.270000, High: 173.350000, Low: 173.090000, Close: 173.340000, Volume: 9907, Average: 173.221000, BarCount: 4472, 1471693199536: Date: 2025-07-17 14:20:00, Open: 173.340000, High: 173.410000, Low: 173.140000, Close: 173.390000, Volume: 8972, Average: 173.291000, BarCount: 3526, 1471693199632: Date: 2025-07-17 14:25:00, Open: 173.390000, High: 173.420000, Low: 173.180000, Close: 173.300000, Volume: 6976, Average: 173.283000, BarCount: 2865, 1471693199728: Date: 2025-07-17 14:30:00, Open: 173.290000, High: 173.440000, Low: 173.260000, Close: 173.390000, Volume: 8300, Average: 173.365000, BarCount: 3664, 1471693083648: Date: 2025-07-17 14:35:00, Open: 173.390000, High: 173.490000, Low: 173.330000, Close: 173.340000, Volume: 4068, Average: 173.404381, BarCount: 1645]
2025-07-17 14:37:15,687 - INFO - 93584 - 
 dataEngulf = (True, 'PUT', 'AMD', 'mediumSell')

2025-07-17 14:37:15,694 - INFO - 17072 - 

*********************************** <<<<Stock = TSLA >>>>> NO CONDITION MEET. Return FALSE                     candle_1_close = 318.4 and candle_1_high = 318.82 candle_1_vol = 3823 and candle_0_vol = 5790                     4th Candle close is = 319.06, 3rd Candle Close is =319.3, Current Open is = 319.54, Current Close is = 318.67, Previous OPEN is = 318.67.                     ********************************** STOCK CHECK END ********************************************


2025-07-17 14:37:15,701 - INFO - 60048 - 

*********************************** <<<<Stock = NVDA >>>>> NO CONDITION MEET. Return FALSE                     candle_1_close = 173.28 and candle_1_high = 173.35 candle_1_vol = 8580 and candle_0_vol = 6863                     4th Candle close is = 173.39, 3rd Candle Close is =173.34, Current Open is = 173.28, Current Close is = 173.28, Previous OPEN is = 173.28.                     ********************************** STOCK CHECK END ********************************************


2025-07-17 14:37:15,706 - ERROR - 93584 - Error occurred:
Traceback (most recent call last):
  File "C:\Users\Administrator\Desktop\OPT_BOT\A_Next\BOT.py", line 1498, in event_processor
    result = checkConditionsAndTrade((dataEngulf, dataStrike), tick)
                                                  ^^^^^^^^^^
NameError: name 'dataStrike' is not defined
2025-07-17 14:37:15,712 - INFO - 17072 - 
 dataEngulf = (False, 'None', 'TSLA', 'notrade')

2025-07-17 14:37:15,748 - INFO - 60048 - 
 dataEngulf = (False, 'None', 'NVDA', 'notrade')

2025-07-17 14:37:15,959 - INFO - 93584 - Checking BEARISH OR BULLISH Engulf Data for stock = TSLA
2025-07-17 14:37:15,960 - INFO - 31732 - Checking BEARISH OR BULLISH Engulf Data for stock = QQQ
2025-07-17 14:37:15,961 - INFO - 93584 - Last 7 candles data 1st is = [1471692855616: Date: 2025-07-17 14:05:00, Open: 319.540000, High: 319.590000, Low: 318.330000, Close: 318.670000, Volume: 5790, Average: 318.791000, BarCount: 2480, 1471692855712: Date: 2025-07-17 14:10:00, Open: 318.670000, High: 318.820000, Low: 318.210000, Close: 318.400000, Volume: 3823, Average: 318.542000, BarCount: 1656, 1471692855808: Date: 2025-07-17 14:15:00, Open: 318.410000, High: 319.320000, Low: 318.320000, Close: 319.300000, Volume: 3662, Average: 318.798000, BarCount: 1498, 1471692855904: Date: 2025-07-17 14:20:00, Open: 319.300000, High: 319.360000, Low: 318.650000, Close: 319.060000, Volume: 3417, Average: 319.037000, BarCount: 1568, 1471692856000: Date: 2025-07-17 14:25:00, Open: 319.000000, High: 319.100000, Low: 318.550000, Close: 319.010000, Volume: 3323, Average: 318.866000, BarCount: 1399, 1471692856096: Date: 2025-07-17 14:30:00, Open: 319.030000, High: 319.750000, Low: 318.920000, Close: 319.530000, Volume: 4697, Average: 319.414000, BarCount: 1850, 1471692859024: Date: 2025-07-17 14:35:00, Open: 319.540000, High: 319.580000, Low: 319.200000, Close: 319.470000, Volume: 1362, Average: 319.374077, BarCount: 608]
2025-07-17 14:37:15,963 - INFO - 31732 - Last 7 candles data 1st is = [1471692743328: Date: 2025-07-17 14:05:00, Open: 561.920000, High: 561.920000, Low: 561.620000, Close: 561.650000, Volume: 2567, Average: 561.724000, BarCount: 1285, 1471692743424: Date: 2025-07-17 14:10:00, Open: 561.650000, High: 561.700000, Low: 561.400000, Close: 561.420000, Volume: 2541, Average: 561.492000, BarCount: 1312, 1471692743520: Date: 2025-07-17 14:15:00, Open: 561.420000, High: 561.720000, Low: 561.300000, Close: 561.680000, Volume: 3336, Average: 561.509000, BarCount: 1827, 1471692743616: Date: 2025-07-17 14:20:00, Open: 561.680000, High: 561.800000, Low: 561.520000, Close: 561.770000, Volume: 2571, Average: 561.615000, BarCount: 1541, 1471692743712: Date: 2025-07-17 14:25:00, Open: 561.770000, High: 561.830000, Low: 561.580000, Close: 561.750000, Volume: 2195, Average: 561.695000, BarCount: 1375, 1471692743808: Date: 2025-07-17 14:30:00, Open: 561.750000, High: 561.830000, Low: 561.540000, Close: 561.680000, Volume: 2652, Average: 561.713000, BarCount: 1484, 1471691799008: Date: 2025-07-17 14:35:00, Open: 561.680000, High: 561.680000, Low: 561.520000, Close: 561.570000, Volume: 1386, Average: 561.597761, BarCount: 650]
2025-07-17 14:37:15,965 - INFO - 93584 - 

*********************************** <<<<Stock = TSLA >>>>> NO CONDITION MEET. Return FALSE                     candle_1_close = 318.4 and candle_1_high = 318.82 candle_1_vol = 3823 and candle_0_vol = 5790                     4th Candle close is = 319.06, 3rd Candle Close is =319.3, Current Open is = 319.54, Current Close is = 318.67, Previous OPEN is = 318.67.                     ********************************** STOCK CHECK END ********************************************


2025-07-17 14:37:15,967 - INFO - 31732 - 

*********************************** <<<<Stock = QQQ >>>>> NO CONDITION MEET. Return FALSE                     candle_1_close = 561.42 and candle_1_high = 561.7 candle_1_vol = 2541 and candle_0_vol = 2567                     4th Candle close is = 561.77, 3rd Candle Close is =561.68, Current Open is = 561.92, Current Close is = 561.65, Previous OPEN is = 561.65.                     ********************************** STOCK CHECK END ********************************************


2025-07-17 14:37:15,969 - INFO - 93584 - 
 dataEngulf = (False, 'None', 'TSLA', 'notrade')

2025-07-17 14:37:15,975 - INFO - 31732 - 
 dataEngulf = (False, 'None', 'QQQ', 'notrade')

2025-07-17 14:37:16,209 - INFO - 60048 - Checking BEARISH OR BULLISH Engulf Data for stock = TSLA
2025-07-17 14:37:16,211 - INFO - 17072 - Checking BEARISH OR BULLISH Engulf Data for stock = META
2025-07-17 14:37:16,212 - INFO - 60048 - Last 7 candles data 1st is = [1471692855616: Date: 2025-07-17 14:05:00, Open: 319.540000, High: 319.590000, Low: 318.330000, Close: 318.670000, Volume: 5790, Average: 318.791000, BarCount: 2480, 1471692855712: Date: 2025-07-17 14:10:00, Open: 318.670000, High: 318.820000, Low: 318.210000, Close: 318.400000, Volume: 3823, Average: 318.542000, BarCount: 1656, 1471692855808: Date: 2025-07-17 14:15:00, Open: 318.410000, High: 319.320000, Low: 318.320000, Close: 319.300000, Volume: 3662, Average: 318.798000, BarCount: 1498, 1471692855904: Date: 2025-07-17 14:20:00, Open: 319.300000, High: 319.360000, Low: 318.650000, Close: 319.060000, Volume: 3417, Average: 319.037000, BarCount: 1568, 1471692856000: Date: 2025-07-17 14:25:00, Open: 319.000000, High: 319.100000, Low: 318.550000, Close: 319.010000, Volume: 3323, Average: 318.866000, BarCount: 1399, 1471692856096: Date: 2025-07-17 14:30:00, Open: 319.030000, High: 319.750000, Low: 318.920000, Close: 319.530000, Volume: 4697, Average: 319.414000, BarCount: 1850, 1471692859024: Date: 2025-07-17 14:35:00, Open: 319.540000, High: 319.580000, Low: 319.200000, Close: 319.470000, Volume: 1362, Average: 319.374077, BarCount: 608]
2025-07-17 14:37:16,214 - INFO - 17072 - Last 7 candles data 1st is = [1471693289088: Date: 2025-07-17 14:05:00, Open: 701.810000, High: 701.840000, Low: 701.200000, Close: 701.310000, Volume: 253, Average: 701.465000, BarCount: 195, 1471693289184: Date: 2025-07-17 14:10:00, Open: 701.230000, High: 701.440000, Low: 700.720000, Close: 701.090000, Volume: 353, Average: 701.087000, BarCount: 210, 1471693289280: Date: 2025-07-17 14:15:00, Open: 701.090000, High: 701.360000, Low: 700.700000, Close: 701.280000, Volume: 404, Average: 701.071000, BarCount: 317, 1471693289376: Date: 2025-07-17 14:20:00, Open: 701.230000, High: 701.830000, Low: 701.000000, Close: 701.770000, Volume: 242, Average: 701.294000, BarCount: 164, 1471693289472: Date: 2025-07-17 14:25:00, Open: 701.730000, High: 701.790000, Low: 700.980000, Close: 701.120000, Volume: 405, Average: 701.278000, BarCount: 331, 1471693289568: Date: 2025-07-17 14:30:00, Open: 701.080000, High: 701.220000, Low: 700.610000, Close: 701.110000, Volume: 328, Average: 700.903000, BarCount: 222, 1471692198576: Date: 2025-07-17 14:35:00, Open: 701.010000, High: 701.290000, Low: 700.890000, Close: 701.140000, Volume: 315, Average: 701.099049, BarCount: 250]
2025-07-17 14:37:16,216 - INFO - 60048 - 

*********************************** <<<<Stock = TSLA >>>>> NO CONDITION MEET. Return FALSE                     candle_1_close = 318.4 and candle_1_high = 318.82 candle_1_vol = 3823 and candle_0_vol = 5790                     4th Candle close is = 319.06, 3rd Candle Close is =319.3, Current Open is = 319.54, Current Close is = 318.67, Previous OPEN is = 318.67.                     ********************************** STOCK CHECK END ********************************************


2025-07-17 14:37:16,218 - INFO - 17072 - 

*********************************** <<<<Stock = META >>>>> 4 candles Pure Bullish Engulf Condition <<<CALL-BBBBB-StrongBUY>> meet. Return TRUE                     candle_4_close = 701.12 and candle_4_high = 701.79 candle_4_vol = 405 and candle_3_vol = 242                     4th Candle close is = 701.14, 3rd Candle Close is =701.11, Current Open is = 701.23, Current Close is = 701.77, Previous OPEN is = 701.73.


2025-07-17 14:37:16,220 - INFO - 60048 - 
 dataEngulf = (False, 'None', 'TSLA', 'notrade')

2025-07-17 14:37:16,224 - INFO - 17072 - 
 dataEngulf = (True, 'CALL', 'META', 'strongBuy')

2025-07-17 14:37:16,226 - ERROR - 17072 - Error occurred:
Traceback (most recent call last):
  File "C:\Users\Administrator\Desktop\OPT_BOT\A_Next\BOT.py", line 1498, in event_processor
    result = checkConditionsAndTrade((dataEngulf, dataStrike), tick)
                                                  ^^^^^^^^^^
NameError: name 'dataStrike' is not defined
2025-07-17 14:37:16,647 - INFO - 93584 - Checking BEARISH OR BULLISH Engulf Data for stock = TSLA
2025-07-17 14:37:16,649 - INFO - 93584 - Last 7 candles data 1st is = [1471692855616: Date: 2025-07-17 14:05:00, Open: 319.540000, High: 319.590000, Low: 318.330000, Close: 318.670000, Volume: 5790, Average: 318.791000, BarCount: 2480, 1471692855712: Date: 2025-07-17 14:10:00, Open: 318.670000, High: 318.820000, Low: 318.210000, Close: 318.400000, Volume: 3823, Average: 318.542000, BarCount: 1656, 1471692855808: Date: 2025-07-17 14:15:00, Open: 318.410000, High: 319.320000, Low: 318.320000, Close: 319.300000, Volume: 3662, Average: 318.798000, BarCount: 1498, 1471692855904: Date: 2025-07-17 14:20:00, Open: 319.300000, High: 319.360000, Low: 318.650000, Close: 319.060000, Volume: 3417, Average: 319.037000, BarCount: 1568, 1471692856000: Date: 2025-07-17 14:25:00, Open: 319.000000, High: 319.100000, Low: 318.550000, Close: 319.010000, Volume: 3323, Average: 318.866000, BarCount: 1399, 1471692856096: Date: 2025-07-17 14:30:00, Open: 319.030000, High: 319.750000, Low: 318.920000, Close: 319.530000, Volume: 4697, Average: 319.414000, BarCount: 1850, 1471692859024: Date: 2025-07-17 14:35:00, Open: 319.540000, High: 319.580000, Low: 319.200000, Close: 319.470000, Volume: 1362, Average: 319.374077, BarCount: 608]
2025-07-17 14:37:16,650 - INFO - 31732 - Checking BEARISH OR BULLISH Engulf Data for stock = SPY
2025-07-17 14:37:16,653 - INFO - 93584 - 

*********************************** <<<<Stock = TSLA >>>>> NO CONDITION MEET. Return FALSE                     candle_1_close = 318.4 and candle_1_high = 318.82 candle_1_vol = 3823 and candle_0_vol = 5790                     4th Candle close is = 319.06, 3rd Candle Close is =319.3, Current Open is = 319.54, Current Close is = 318.67, Previous OPEN is = 318.67.                     ********************************** STOCK CHECK END ********************************************


2025-07-17 14:37:16,654 - INFO - 31732 - Last 7 candles data 1st is = [1471692455856: Date: 2025-07-17 14:05:00, Open: 627.440000, High: 627.450000, Low: 627.280000, Close: 627.370000, Volume: 3575, Average: 627.374000, BarCount: 2304, 1471692444432: Date: 2025-07-17 14:10:00, Open: 627.380000, High: 627.420000, Low: 627.140000, Close: 627.160000, Volume: 4250, Average: 627.273000, BarCount: 2843, 1471692444384: Date: 2025-07-17 14:15:00, Open: 627.160000, High: 627.510000, Low: 627.140000, Close: 627.480000, Volume: 3248, Average: 627.324000, BarCount: 2110, 1471692521744: Date: 2025-07-17 14:20:00, Open: 627.480000, High: 627.790000, Low: 627.430000, Close: 627.780000, Volume: 4185, Average: 627.567000, BarCount: 2775, 1471692521840: Date: 2025-07-17 14:25:00, Open: 627.770000, High: 627.880000, Low: 627.670000, Close: 627.830000, Volume: 5988, Average: 627.771000, BarCount: 3243, 1471692521936: Date: 2025-07-17 14:30:00, Open: 627.840000, High: 627.910000, Low: 627.670000, Close: 627.790000, Volume: 4795, Average: 627.803000, BarCount: 2802, 1471692849232: Date: 2025-07-17 14:35:00, Open: 627.780000, High: 627.810000, Low: 627.640000, Close: 627.700000, Volume: 2890, Average: 627.701174, BarCount: 1451]
2025-07-17 14:37:16,655 - INFO - 93584 - 
 dataEngulf = (False, 'None', 'TSLA', 'notrade')

2025-07-17 14:37:16,658 - INFO - 31732 - 

*********************************** <<<<Stock = SPY >>>>> NO CONDITION MEET. Return FALSE                     candle_1_close = 627.16 and candle_1_high = 627.42 candle_1_vol = 4250 and candle_0_vol = 3575                     4th Candle close is = 627.78, 3rd Candle Close is =627.48, Current Open is = 627.44, Current Close is = 627.37, Previous OPEN is = 627.38.                     ********************************** STOCK CHECK END ********************************************


2025-07-17 14:37:16,665 - INFO - 31732 - 
 dataEngulf = (False, 'None', 'SPY', 'notrade')

2025-07-17 14:37:17,208 - INFO - 31732 - Checking BEARISH OR BULLISH Engulf Data for stock = NVDA
2025-07-17 14:37:17,209 - INFO - 60048 - Checking BEARISH OR BULLISH Engulf Data for stock = META
2025-07-17 14:37:17,209 - INFO - 31732 - Last 7 candles data 1st is = [1471693199248: Date: 2025-07-17 14:05:00, Open: 173.280000, High: 173.290000, Low: 173.180000, Close: 173.280000, Volume: 6863, Average: 173.245000, BarCount: 3231, 1471693199344: Date: 2025-07-17 14:10:00, Open: 173.280000, High: 173.350000, Low: 173.190000, Close: 173.280000, Volume: 8580, Average: 173.264000, BarCount: 3618, 1471693199440: Date: 2025-07-17 14:15:00, Open: 173.270000, High: 173.350000, Low: 173.090000, Close: 173.340000, Volume: 9907, Average: 173.221000, BarCount: 4472, 1471693199536: Date: 2025-07-17 14:20:00, Open: 173.340000, High: 173.410000, Low: 173.140000, Close: 173.390000, Volume: 8972, Average: 173.291000, BarCount: 3526, 1471693199632: Date: 2025-07-17 14:25:00, Open: 173.390000, High: 173.420000, Low: 173.180000, Close: 173.300000, Volume: 6976, Average: 173.283000, BarCount: 2865, 1471693199728: Date: 2025-07-17 14:30:00, Open: 173.290000, High: 173.440000, Low: 173.260000, Close: 173.390000, Volume: 8300, Average: 173.365000, BarCount: 3664, 1471693083648: Date: 2025-07-17 14:35:00, Open: 173.390000, High: 173.490000, Low: 173.330000, Close: 173.340000, Volume: 4068, Average: 173.404381, BarCount: 1645]
2025-07-17 14:37:17,212 - INFO - 60048 - Last 7 candles data 1st is = [1471693289088: Date: 2025-07-17 14:05:00, Open: 701.810000, High: 701.840000, Low: 701.200000, Close: 701.310000, Volume: 253, Average: 701.465000, BarCount: 195, 1471693289184: Date: 2025-07-17 14:10:00, Open: 701.230000, High: 701.440000, Low: 700.720000, Close: 701.090000, Volume: 353, Average: 701.087000, BarCount: 210, 1471693289280: Date: 2025-07-17 14:15:00, Open: 701.090000, High: 701.360000, Low: 700.700000, Close: 701.280000, Volume: 404, Average: 701.071000, BarCount: 317, 1471693289376: Date: 2025-07-17 14:20:00, Open: 701.230000, High: 701.830000, Low: 701.000000, Close: 701.770000, Volume: 242, Average: 701.294000, BarCount: 164, 1471693289472: Date: 2025-07-17 14:25:00, Open: 701.730000, High: 701.790000, Low: 700.980000, Close: 701.120000, Volume: 405, Average: 701.278000, BarCount: 331, 1471693289568: Date: 2025-07-17 14:30:00, Open: 701.080000, High: 701.220000, Low: 700.610000, Close: 701.110000, Volume: 328, Average: 700.903000, BarCount: 222, 1471692198576: Date: 2025-07-17 14:35:00, Open: 701.010000, High: 701.290000, Low: 700.890000, Close: 701.140000, Volume: 315, Average: 701.099049, BarCount: 250]
2025-07-17 14:37:17,212 - INFO - 93584 - Checking BEARISH OR BULLISH Engulf Data for stock = TSLA
2025-07-17 14:37:17,225 - INFO - 31732 - 

*********************************** <<<<Stock = NVDA >>>>> NO CONDITION MEET. Return FALSE                     candle_1_close = 173.28 and candle_1_high = 173.35 candle_1_vol = 8580 and candle_0_vol = 6863                     4th Candle close is = 173.39, 3rd Candle Close is =173.34, Current Open is = 173.28, Current Close is = 173.28, Previous OPEN is = 173.28.                     ********************************** STOCK CHECK END ********************************************


2025-07-17 14:37:17,238 - INFO - 60048 - 

*********************************** <<<<Stock = META >>>>> 4 candles Pure Bullish Engulf Condition <<<CALL-BBBBB-StrongBUY>> meet. Return TRUE                     candle_4_close = 701.12 and candle_4_high = 701.79 candle_4_vol = 405 and candle_3_vol = 242                     4th Candle close is = 701.14, 3rd Candle Close is =701.11, Current Open is = 701.23, Current Close is = 701.77, Previous OPEN is = 701.73.


2025-07-17 14:37:17,249 - INFO - 93584 - Last 7 candles data 1st is = [1471692855616: Date: 2025-07-17 14:05:00, Open: 319.540000, High: 319.590000, Low: 318.330000, Close: 318.670000, Volume: 5790, Average: 318.791000, BarCount: 2480, 1471692855712: Date: 2025-07-17 14:10:00, Open: 318.670000, High: 318.820000, Low: 318.210000, Close: 318.400000, Volume: 3823, Average: 318.542000, BarCount: 1656, 1471692855808: Date: 2025-07-17 14:15:00, Open: 318.410000, High: 319.320000, Low: 318.320000, Close: 319.300000, Volume: 3662, Average: 318.798000, BarCount: 1498, 1471692855904: Date: 2025-07-17 14:20:00, Open: 319.300000, High: 319.360000, Low: 318.650000, Close: 319.060000, Volume: 3417, Average: 319.037000, BarCount: 1568, 1471692856000: Date: 2025-07-17 14:25:00, Open: 319.000000, High: 319.100000, Low: 318.550000, Close: 319.010000, Volume: 3323, Average: 318.866000, BarCount: 1399, 1471692856096: Date: 2025-07-17 14:30:00, Open: 319.030000, High: 319.750000, Low: 318.920000, Close: 319.530000, Volume: 4697, Average: 319.414000, BarCount: 1850, 1471692859024: Date: 2025-07-17 14:35:00, Open: 319.540000, High: 319.580000, Low: 319.200000, Close: 319.470000, Volume: 1362, Average: 319.374077, BarCount: 608]
2025-07-17 14:37:17,275 - INFO - 31732 - 
 dataEngulf = (False, 'None', 'NVDA', 'notrade')

2025-07-17 14:37:17,293 - INFO - 60048 - 
 dataEngulf = (True, 'CALL', 'META', 'strongBuy')

2025-07-17 14:37:17,316 - INFO - 93584 - 

*********************************** <<<<Stock = TSLA >>>>> NO CONDITION MEET. Return FALSE                     candle_1_close = 318.4 and candle_1_high = 318.82 candle_1_vol = 3823 and candle_0_vol = 5790                     4th Candle close is = 319.06, 3rd Candle Close is =319.3, Current Open is = 319.54, Current Close is = 318.67, Previous OPEN is = 318.67.                     ********************************** STOCK CHECK END ********************************************


2025-07-17 14:37:17,342 - ERROR - 60048 - Error occurred:
Traceback (most recent call last):
  File "C:\Users\Administrator\Desktop\OPT_BOT\A_Next\BOT.py", line 1498, in event_processor
    result = checkConditionsAndTrade((dataEngulf, dataStrike), tick)
                                                  ^^^^^^^^^^
NameError: name 'dataStrike' is not defined
2025-07-17 14:37:17,387 - INFO - 93584 - 
 dataEngulf = (False, 'None', 'TSLA', 'notrade')

2025-07-17 14:37:17,896 - INFO - 17072 - Checking BEARISH OR BULLISH Engulf Data for stock = AMD
2025-07-17 14:37:17,897 - INFO - 60048 - Checking BEARISH OR BULLISH Engulf Data for stock = AAPL
2025-07-17 14:37:17,897 - INFO - 17072 - Last 7 candles data 1st is = [1471692982944: Date: 2025-07-17 14:05:00, Open: 159.320000, High: 159.380000, Low: 159.000000, Close: 159.170000, Volume: 2362, Average: 159.162000, BarCount: 1196, 1471692983040: Date: 2025-07-17 14:10:00, Open: 159.180000, High: 159.280000, Low: 158.970000, Close: 159.150000, Volume: 2556, Average: 159.128000, BarCount: 1027, 1471692983136: Date: 2025-07-17 14:15:00, Open: 159.140000, High: 159.310000, Low: 159.080000, Close: 159.300000, Volume: 1751, Average: 159.189000, BarCount: 865, 1471692983232: Date: 2025-07-17 14:20:00, Open: 159.310000, High: 159.350000, Low: 159.080000, Close: 159.220000, Volume: 1199, Average: 159.195000, BarCount: 645, 1471692983328: Date: 2025-07-17 14:25:00, Open: 159.220000, High: 159.270000, Low: 159.010000, Close: 159.140000, Volume: 1812, Average: 159.160000, BarCount: 922, 1471692983424: Date: 2025-07-17 14:30:00, Open: 159.150000, High: 159.310000, Low: 158.870000, Close: 158.910000, Volume: 2449, Average: 159.113000, BarCount: 1191, 1471693087296: Date: 2025-07-17 14:35:00, Open: 158.890000, High: 158.970000, Low: 158.680000, Close: 158.730000, Volume: 2012, Average: 158.812267, BarCount: 812]
2025-07-17 14:37:17,899 - INFO - 60048 - Last 7 candles data 1st is = [1471692195936: Date: 2025-07-17 14:05:00, Open: 211.730000, High: 211.800000, Low: 211.300000, Close: 211.340000, Volume: 2447, Average: 211.549000, BarCount: 1530, 1471692196032: Date: 2025-07-17 14:10:00, Open: 211.340000, High: 211.360000, Low: 211.140000, Close: 211.350000, Volume: 2499, Average: 211.232000, BarCount: 1634, 1471692196128: Date: 2025-07-17 14:15:00, Open: 211.350000, High: 211.700000, Low: 211.330000, Close: 211.610000, Volume: 4626, Average: 211.572000, BarCount: 2346, 1471692196224: Date: 2025-07-17 14:20:00, Open: 211.600000, High: 211.600000, Low: 211.200000, Close: 211.250000, Volume: 5413, Average: 211.333000, BarCount: 1932, 1471692196320: Date: 2025-07-17 14:25:00, Open: 211.240000, High: 211.330000, Low: 211.090000, Close: 211.280000, Volume: 2576, Average: 211.193000, BarCount: 1388, 1471692196416: Date: 2025-07-17 14:30:00, Open: 211.280000, High: 211.280000, Low: 211.040000, Close: 211.070000, Volume: 2495, Average: 211.174000, BarCount: 1505, 1471692856192: Date: 2025-07-17 14:35:00, Open: 211.070000, High: 211.070000, Low: 210.960000, Close: 211.010000, Volume: 1364, Average: 211.006717, BarCount: 818]
2025-07-17 14:37:17,901 - INFO - 17072 - 

*********************************** <<<<Stock = AMD >>>>> AND Bearish Engulf Condition <<<PUT-BBBBB_HVY_VOL_StrongSELL>> meet. Return TRUE                     candle_1_close = 159.15 and candle_1_high = 159.28 candle_1_vol = 2556 and candle_0_vol = 2362                     4th Candle close is = 159.22, 3rd Candle Close is =159.3, Current Open is = 159.32, Current Close is = 159.17, Previous OPEN is = 159.18.


2025-07-17 14:37:17,904 - INFO - 60048 - 

*********************************** <<<<Stock = AAPL >>>>> NO CONDITION MEET. Return FALSE                     candle_1_close = 211.35 and candle_1_high = 211.36 candle_1_vol = 2499 and candle_0_vol = 2447                     4th Candle close is = 211.25, 3rd Candle Close is =211.61, Current Open is = 211.73, Current Close is = 211.34, Previous OPEN is = 211.34.                     ********************************** STOCK CHECK END ********************************************


2025-07-17 14:37:17,906 - INFO - 17072 - 
 dataEngulf = (True, 'PUT', 'AMD', 'mediumSell')

2025-07-17 14:37:17,907 - INFO - 60048 - 
 dataEngulf = (False, 'None', 'AAPL', 'notrade')

2025-07-17 14:37:17,908 - ERROR - 17072 - Error occurred:
Traceback (most recent call last):
  File "C:\Users\Administrator\Desktop\OPT_BOT\A_Next\BOT.py", line 1498, in event_processor
    result = checkConditionsAndTrade((dataEngulf, dataStrike), tick)
                                                  ^^^^^^^^^^
NameError: name 'dataStrike' is not defined
2025-07-17 14:37:18,211 - INFO - 60048 - Checking BEARISH OR BULLISH Engulf Data for stock = AMD
2025-07-17 14:37:18,212 - INFO - 60048 - Last 7 candles data 1st is = [1471692982944: Date: 2025-07-17 14:05:00, Open: 159.320000, High: 159.380000, Low: 159.000000, Close: 159.170000, Volume: 2362, Average: 159.162000, BarCount: 1196, 1471692983040: Date: 2025-07-17 14:10:00, Open: 159.180000, High: 159.280000, Low: 158.970000, Close: 159.150000, Volume: 2556, Average: 159.128000, BarCount: 1027, 1471692983136: Date: 2025-07-17 14:15:00, Open: 159.140000, High: 159.310000, Low: 159.080000, Close: 159.300000, Volume: 1751, Average: 159.189000, BarCount: 865, 1471692983232: Date: 2025-07-17 14:20:00, Open: 159.310000, High: 159.350000, Low: 159.080000, Close: 159.220000, Volume: 1199, Average: 159.195000, BarCount: 645, 1471692983328: Date: 2025-07-17 14:25:00, Open: 159.220000, High: 159.270000, Low: 159.010000, Close: 159.140000, Volume: 1812, Average: 159.160000, BarCount: 922, 1471692983424: Date: 2025-07-17 14:30:00, Open: 159.150000, High: 159.310000, Low: 158.870000, Close: 158.910000, Volume: 2449, Average: 159.113000, BarCount: 1191, 1471693087296: Date: 2025-07-17 14:35:00, Open: 158.890000, High: 158.970000, Low: 158.680000, Close: 158.730000, Volume: 2012, Average: 158.812267, BarCount: 812]
2025-07-17 14:37:18,215 - INFO - 60048 - 

*********************************** <<<<Stock = AMD >>>>> AND Bearish Engulf Condition <<<PUT-BBBBB_HVY_VOL_StrongSELL>> meet. Return TRUE                     candle_1_close = 159.15 and candle_1_high = 159.28 candle_1_vol = 2556 and candle_0_vol = 2362                     4th Candle close is = 159.22, 3rd Candle Close is =159.3, Current Open is = 159.32, Current Close is = 159.17, Previous OPEN is = 159.18.


2025-07-17 14:37:18,216 - INFO - 60048 - 
 dataEngulf = (True, 'PUT', 'AMD', 'mediumSell')

2025-07-17 14:37:18,216 - ERROR - 60048 - Error occurred:
Traceback (most recent call last):
  File "C:\Users\Administrator\Desktop\OPT_BOT\A_Next\BOT.py", line 1498, in event_processor
    result = checkConditionsAndTrade((dataEngulf, dataStrike), tick)
                                                  ^^^^^^^^^^
NameError: name 'dataStrike' is not defined
2025-07-17 14:37:18,397 - INFO - 60048 - Checking BEARISH OR BULLISH Engulf Data for stock = AAPL
2025-07-17 14:37:18,399 - INFO - 60048 - Last 7 candles data 1st is = [1471692195936: Date: 2025-07-17 14:05:00, Open: 211.730000, High: 211.800000, Low: 211.300000, Close: 211.340000, Volume: 2447, Average: 211.549000, BarCount: 1530, 1471692196032: Date: 2025-07-17 14:10:00, Open: 211.340000, High: 211.360000, Low: 211.140000, Close: 211.350000, Volume: 2499, Average: 211.232000, BarCount: 1634, 1471692196128: Date: 2025-07-17 14:15:00, Open: 211.350000, High: 211.700000, Low: 211.330000, Close: 211.610000, Volume: 4626, Average: 211.572000, BarCount: 2346, 1471692196224: Date: 2025-07-17 14:20:00, Open: 211.600000, High: 211.600000, Low: 211.200000, Close: 211.250000, Volume: 5413, Average: 211.333000, BarCount: 1932, 1471692196320: Date: 2025-07-17 14:25:00, Open: 211.240000, High: 211.330000, Low: 211.090000, Close: 211.280000, Volume: 2576, Average: 211.193000, BarCount: 1388, 1471692196416: Date: 2025-07-17 14:30:00, Open: 211.280000, High: 211.280000, Low: 211.040000, Close: 211.070000, Volume: 2495, Average: 211.174000, BarCount: 1505, 1471692856192: Date: 2025-07-17 14:35:00, Open: 211.070000, High: 211.070000, Low: 210.960000, Close: 211.010000, Volume: 1364, Average: 211.006717, BarCount: 818]
2025-07-17 14:37:18,402 - INFO - 60048 - 

*********************************** <<<<Stock = AAPL >>>>> NO CONDITION MEET. Return FALSE                     candle_1_close = 211.35 and candle_1_high = 211.36 candle_1_vol = 2499 and candle_0_vol = 2447                     4th Candle close is = 211.25, 3rd Candle Close is =211.61, Current Open is = 211.73, Current Close is = 211.34, Previous OPEN is = 211.34.                     ********************************** STOCK CHECK END ********************************************


2025-07-17 14:37:18,404 - INFO - 60048 - 
 dataEngulf = (False, 'None', 'AAPL', 'notrade')

2025-07-17 14:37:18,964 - INFO - 60048 - Checking BEARISH OR BULLISH Engulf Data for stock = AMZN
2025-07-17 14:37:18,966 - INFO - 17072 - Checking BEARISH OR BULLISH Engulf Data for stock = AAPL
2025-07-17 14:37:18,967 - INFO - 31732 - Checking BEARISH OR BULLISH Engulf Data for stock = NVDA
2025-07-17 14:37:18,968 - INFO - 93584 - Checking BEARISH OR BULLISH Engulf Data for stock = TSLA
2025-07-17 14:37:20,398 - ERROR - 70652 - Id: 91, Code: 200, Msg: The contract description specified for QQQ is ambiguous.
